place_id,local_date,local_weekday,local_hour,current_pop,usual_pop
ChIJ_3Pm_L1RqEcRPtHs6p2i0AY,2020-04-16,3,21,2,45
ChIJ4dHdSq5RqEcReqvQ3PGSw4M,2020-04-16,3,21,37,18
ChIJq6qqasRPqEcRXNfStONfLpI,2020-04-16,3,21,41,8
ChIJh-VxU6FOqEcRvwU-Q_qUi38,2020-04-16,3,21,28,1
ChIJd-d5Rx1SqEcRgCz33OsCSZQ,2020-04-16,3,21,42,2
ChIJe8FmEzBQqEcRth79TMVowwU,2020-04-16,3,21,108,8
ChIJJbrv0uRRqEcRjPFVxVJ4e5o,2020-04-16,3,21,52,39
ChIJ_S5uaxJOqEcRdg-gu1fEgcI,2020-04-16,3,21,77,8
ChIJt-a62fz1qEcRIJwFoSAi9IQ,2020-04-16,3,21,48,1
ChIJKVIg5EZFqEcRD75xE2cDXqM,2020-04-16,3,21,9,27
ChIJX4ubSl1UqEcRpV4STcBDUD8,2020-04-16,3,21,7,37
ChIJ7d_UnD5JqEcRzbgHvf8fNzM,2020-04-16,3,21,45,7
ChIJ1eUIwElQqEcRWryKuOGKHg8,2020-04-16,3,21,22,48
ChIJ98LWuDNQqEcR6OnDFWwJUu8,2020-04-16,3,21,16,30
ChIJyWpqDXdPqEcRW_urciDhXBE,2020-04-16,3,21,23,19
ChIJ406aXg1UqEcRqy0qSr7EiVU,2020-04-16,3,21,19,26
ChIJr0ZHldNLqEcRMaksdM5U0XU,2020-04-16,3,21,33,0
ChIJmTbnUu9TqEcRDIQlD3hmt6I,2020-04-16,3,21,14,27
ChIJz1SnASBXqEcRxNOjBLhxe5Y,2020-04-16,3,21,5,3
ChIJgVuUc8BWqEcRoil0A4lg1Y4,2020-04-16,3,21,11,32
ChIJ7eUE9eRRqEcRSQi-22OEJ7g,2020-04-16,3,21,8,66
ChIJ7ZlwAWBOqEcRAAvr-gZ77NI,2020-04-16,3,21,22,40
ChIJXfVddQtRqEcR5wLooPQmGzE,2020-04-16,3,21,13,40
ChIJ_RJsqeBQqEcR1dUSylbBoXM,2020-04-16,3,21,15,59
ChIJYf54fkpRqEcRuMlNaIdyH4I,2020-04-16,3,21,20,33
ChIJD5gXOIRTqEcRk3R4CfcWeKI,2020-04-16,3,21,9,13
ChIJU6NkgLdPqEcRthuvoxHZL_I,2020-04-16,3,21,20,49
ChIJe-ff-71RqEcRqvy8lRR4PHo,2020-04-16,3,21,2,45
ChIJcy1JA8NRqEcRBNy2MNzQTmw,2020-04-16,3,21,2,36
ChIJXdFtSjxIqEcRjoozhtQ1iDo,2020-04-16,3,21,5,4
ChIJaS75A0dOqEcRK8tLe3-tu3A,2020-04-16,3,21,10,27
ChIJweNzLf5QqEcR9_-BQ7QntcI,2020-04-16,3,21,6,40
ChIJXRf9v1xaqEcR3epG1jIU72A,2020-04-16,3,21,6,30
ChIJ5wlqTJ9ZqEcRxECWVrtwkvA,2020-04-16,3,21,27,14
ChIJkXqLeNlOqEcRnZjFxxIJhyQ,2020-04-16,3,21,17,20
ChIJYxlGmqlHqEcRB_18Dsbch-0,2020-04-16,3,21,18,17
ChIJAUSBTxBbqEcR7vR-UJ-aeGQ,2020-04-16,3,21,31,0
ChIJqREgbBlXqEcR_9PBCoz8kKw,2020-04-16,3,21,3,0
ChIJnyy9mAVXqEcRFyqpgaoaNL8,2020-04-16,3,21,7,19
ChIJz4ha4AFPqEcRYVFjG8IRfH8,2020-04-16,3,21,64,7
ChIJ4VjLd6ZQqEcRqQasyoAM8zI,2020-04-16,3,21,15,12
ChIJXW5nedRQqEcR1oE1aLnzb8w,2020-04-16,3,21,3,32
ChIJETkp821aqEcRlpJVRUacYZc,2020-04-16,3,21,18,0
ChIJX5MDd-FQqEcRbElgYTnKNBw,2020-04-16,3,21,31,20
ChIJTyk-jddQqEcRdQePRSfYvHg,2020-04-16,3,21,7,9
ChIJ9XuK4fpQqEcRW5s16hyg6NA,2020-04-16,3,21,1,0
ChIJQ4jdRilRqEcRLaYhVIsFA0k,2020-04-16,3,21,43,51
ChIJqx5hG9VQqEcRZFPoE2YEfAs,2020-04-16,3,21,9,16
ChIJTyk-jddQqEcReE3sYfeBKdE,2020-04-16,3,21,44,31
ChIJ_2sP9B9RqEcRq05HU9vSnbM,2020-04-16,3,21,34,35
ChIJkbJRdzpRqEcR-AqtZUy9Uzk,2020-04-16,3,21,28,12
ChIJS9ztHyFRqEcRw0oXzI8jkGY,2020-04-16,3,21,36,18
ChIJYZBeIPtQqEcRCR_VtXB63sk,2020-04-16,3,21,23,19
ChIJEV16lt9QqEcRFzb320ncnXk,2020-04-16,3,21,13,18
ChIJF6LFntxQqEcRMKYlG3KJHsg,2020-04-16,3,21,18,20
ChIJ37rYLSpRqEcRcL-nFqYH920,2020-04-16,3,21,38,17
ChIJX4YOZTlRqEcRl_jVzVULQSU,2020-04-16,3,21,42,11
ChIJ-_vSn8JQqEcRyBP7BCigLIE,2020-04-16,3,21,23,19
ChIJSRZc6SBRqEcRogSlX97bckc,2020-04-16,3,21,19,19
ChIJ8aom5OFQqEcRCGMEuKp_bHI,2020-04-16,3,21,36,11
ChIJO7IwbztRqEcRShY3V4DrBcI,2020-04-16,3,21,33,33
ChIJx0i4_ClRqEcRYGepdyBZwoc,2020-04-16,3,21,27,14
ChIJXXcp9B9RqEcRs8TpySyBtN4,2020-04-16,3,21,26,40
ChIJfR4Wo8NQqEcR-TKZz9g7Zlc,2020-04-16,3,21,45,39
ChIJV0M2ltdQqEcRw4wJEgD6RAE,2020-04-16,3,21,53,47
ChIJFWsGVYhaqEcRWlUNrQypCAM,2020-04-16,3,21,15,33
ChIJNQZis2VQqEcRqjk7Uoi1ZwM,2020-04-16,3,21,25,9
ChIJhRXCy4pQqEcRufs-Tf80mX4,2020-04-16,3,21,22,35
ChIJn88nkNNRqEcRO2dRLeG_vHo,2020-04-16,3,21,1,14
ChIJx--6kFhQqEcRrXZeoIG1I94,2020-04-16,3,21,45,0
ChIJW97QfZxQqEcRSyJO9uBziBU,2020-04-16,3,21,21,16
ChIJI7ymbsBQqEcRkO6EIumDrhQ,2020-04-16,3,21,32,18
ChIJr3SgYV1QqEcRfxdjNcyZp5c,2020-04-16,3,21,8,0
ChIJBcLCWvJQqEcRA7khTpFutnY,2020-04-16,3,21,12,22
ChIJA96H6u5QqEcRJgJxsNZuTl8,2020-04-16,3,21,24,42
ChIJk2gVoYRQqEcRSGmxWTRk6MM,2020-04-16,3,21,32,15
ChIJe6PwwgRQqEcRXxsK5Cw8KrQ,2020-04-16,3,21,18,47
ChIJvfooa8VQqEcRS05fBbl7v34,2020-04-16,3,21,10,10
ChIJDc1REM9XqEcR7NX2xfDcQyg,2020-04-16,3,21,23,11
ChIJTbcz1PtWqEcRWqrcGNRfkU8,2020-04-16,3,21,40,49
ChIJQeWWrMlXqEcRJezJmkCZ6wc,2020-04-16,3,21,25,26
ChIJLR-ZNPpWqEcRTepKIQ8Uuv0,2020-04-16,3,21,22,39
ChIJ_04IbyxXqEcRTdA3J_BAnuY,2020-04-16,3,21,8,15
ChIJOZ5QYShXqEcRCEVn8rAl9WU,2020-04-16,3,21,4,0
ChIJF7NpaExXqEcRu3RTc7k5af4,2020-04-16,3,21,21,12
ChIJU5xXkCtXqEcRzY2k0TSFjD0,2020-04-16,3,21,10,16
ChIJgSK3erhWqEcRNx070BBoMM0,2020-04-16,3,21,26,13
ChIJtVEcBExRqEcRcjDXUJyXwJU,2020-04-16,3,21,12,12
ChIJG82-2ztRqEcRrAGZbo-HVH4,2020-04-16,3,21,39,4
ChIJCVbkpbVWqEcRgl8tILinm2E,2020-04-16,3,21,3,5
ChIJrR0m25JWqEcRbSUSzg4sbbU,2020-04-16,3,21,14,6
ChIJo7MtGltOqEcRZtpwHElSi-g,2020-04-16,3,21,43,22
ChIJS-2xsmZOqEcR_nDiPoNZOsE,2020-04-16,3,21,104,5
ChIJRboPTJVOqEcRGpIH_LCx-OE,2020-04-16,3,21,31,18
ChIJLwIuN3ZPqEcRmufpUSNtAWk,2020-04-16,3,21,51,28
ChIJZ3NYNnZPqEcRq_ZDpYNNSXs,2020-04-16,3,21,51,28
ChIJWajqTXZPqEcRo4OQX2WZ66c,2020-04-16,3,21,50,32
ChIJIRJ_6hhPqEcRVbda_8e-YiQ,2020-04-16,3,21,29,17
ChIJgRYBxnpOqEcRRRR3vxzf5JA,2020-04-16,3,21,28,16
ChIJCwTwSilPqEcRrhHJnP7wi9c,2020-04-16,3,21,40,13
ChIJp_o46phOqEcR3bNa3Y9um8I,2020-04-16,3,21,34,20
ChIJUfahwhZOqEcRXhs0Um3XfgA,2020-04-16,3,21,17,10
ChIJy1rt6GhOqEcRwsYyRyKqGa0,2020-04-16,3,21,1,0
ChIJc2lTfPNOqEcRavLqqtJmxAQ,2020-04-16,3,21,25,18
ChIJ0zGcGj9OqEcRdZtoZUgFp14,2020-04-16,3,21,10,31
ChIJ3xjfazJOqEcRP2Ypu_957cA,2020-04-16,3,21,7,10
ChIJUcn1fPlOqEcRRBrSx4GEUjk,2020-04-16,3,21,24,24
ChIJTZvN70tOqEcRhYdxUaZGp2w,2020-04-16,3,21,37,24
ChIJldar0VpOqEcRlPzXIEt9D5w,2020-04-16,3,21,25,10
ChIJmUufwvhOqEcRQGUyaOxeROU,2020-04-16,3,21,8,15
ChIJ2VLUh_-PqEcRSTjeC7oUDEA,2020-04-16,3,21,13,14
ChIJhSga3GNOqEcRfmVi3kBniig,2020-04-16,3,21,45,30
ChIJeYA0blhOqEcROKdOE37Hk80,2020-04-16,3,21,32,16
ChIJM_07w21OqEcRRpMAGyU8N08,2020-04-16,3,21,22,47
ChIJWTy_EFtOqEcRUriQ8mf3n9c,2020-04-16,3,21,22,46
ChIJszR0qEdOqEcR-wk88Z89zM8,2020-04-16,3,21,20,14
ChIJZ7MZiExPqEcRG1LUMlDEr-0,2020-04-16,3,21,75,21
ChIJ3ZkpfDtOqEcRNqjMThEFrR4,2020-04-16,3,21,10,35
ChIJU5ez5oFPqEcRY60T26uGVqQ,2020-04-16,3,21,33,18
ChIJMQfaOq9OqEcRODhg_9gOv24,2020-04-16,3,21,47,27
ChIJlV40EExOqEcRw-LRQsb4aos,2020-04-16,3,21,34,35
ChIJ23bYUrdPqEcR--60xiSSnaI,2020-04-16,3,21,17,43
ChIJ0xw-grBPqEcRDfgkCHQ1rqM,2020-04-16,3,21,11,5
ChIJiXy4PStQqEcR8rIwESu5p1E,2020-04-16,3,21,9,0
ChIJk3y_xSdQqEcRUgE3G_So_6E,2020-04-16,3,21,21,0
ChIJnWcVkc9PqEcRqjr9XITgAmk,2020-04-16,3,21,1,0
ChIJ3xjfazJOqEcR_xEjLstk1ts,2020-04-16,3,21,25,18
ChIJ26yy9bNPqEcRELeMI16P4Lw,2020-04-16,3,21,38,12
ChIJ38jO0DpQqEcR0sb2oBhIvlY,2020-04-16,3,21,37,14
ChIJnUuaO9NPqEcR7lz9oHr3v40,2020-04-16,3,21,29,17
ChIJGWcUFslPqEcRja-FEYvslkA,2020-04-16,3,21,10,17
ChIJtW6QIrVPqEcRUEyaYMXemkw,2020-04-16,3,21,23,15
ChIJEyJMh01OqEcRSJkG3ongwxI,2020-04-16,3,21,38,45
ChIJoRUmFy9QqEcR5fN1kG7Tk4E,2020-04-16,3,21,46,32
ChIJIwKgZ8BOqEcR38x3fVXAZFs,2020-04-16,3,21,26,2
ChIJ30NGtNxOqEcRtXe6ckl5K6o,2020-04-16,3,21,31,21
ChIJu_Ywli1JqEcRWRkWDXueoVc,2020-04-16,3,21,29,15
ChIJq0-TLbZOqEcRpa2udxJOF-M,2020-04-16,3,21,43,11
ChIJIT09h8BOqEcRIi3sLcU1tzo,2020-04-16,3,21,17,22
ChIJpw4u6zJJqEcRa3yfzT2mjLo,2020-04-16,3,21,20,30
ChIJ0903yc9OqEcRIVTOmMUQWtg,2020-04-16,3,21,25,17
ChIJGbVC38tOqEcRNSCq8w7A6vg,2020-04-16,3,21,19,12
ChIJhajpfcFOqEcRdOSJDoCnyb0,2020-04-16,3,21,32,25
ChIJ8T0TNu1OqEcRncejCJ_ysMU,2020-04-16,3,21,47,30
ChIJqdq6ntpOqEcRUmBkQCXg1Po,2020-04-16,3,21,9,2
ChIJxw6ty3xOqEcRTP-mRDaheCw,2020-04-16,3,21,8,0
ChIJl6g8TI9OqEcRz6_6Wt5SNdg,2020-04-16,3,21,37,11
ChIJHYHAg71OqEcRHx-AEEjBtRw,2020-04-16,3,21,20,5
ChIJKziXg-5OqEcRDtxHBKJbd3I,2020-04-16,3,21,33,12
ChIJHYHAg71OqEcRkljxjJ0BqFw,2020-04-16,3,21,48,22
ChIJRQWawX1OqEcRUpJTlQB-Qis,2020-04-16,3,21,30,24
ChIJg6kNz4xOqEcRg_y_iAbKzac,2020-04-16,3,21,24,12
ChIJTQ1llWVLqEcRLoqzzG_QIy8,2020-04-16,3,21,18,8
ChIJxRIFHspUqEcR2H279DuiYeQ,2020-04-16,3,21,7,8
ChIJc5xXNGFMqEcRXf19Zxh0uRs,2020-04-16,3,21,26,1
ChIJ6UwmC55LqEcRA-bIqpaS9ZA,2020-04-16,3,21,39,15
ChIJ_3ZyCWdMqEcRl2RlkXIY8hs,2020-04-16,3,21,24,3
ChIJCSSy8M9NqEcR1DlU8xi1sx4,2020-04-16,3,21,6,3
ChIJ8dOUGflNqEcRu2ifgiaGiB4,2020-04-16,3,21,45,3
ChIJrTROXAdNqEcR3C1kzUTJb6M,2020-04-16,3,21,32,12
ChIJ28DVeT5NqEcRBHPnJR3QOM0,2020-04-16,3,21,23,12
ChIJUwopaaRPqEcRyES57KXZB0o,2020-04-16,3,21,21,14
ChIJx2LSe4lLqEcR-lOMCZxBmXk,2020-04-16,3,21,35,5
ChIJR-5e0OdLqEcRoh1QsCUOk-Q,2020-04-16,3,21,23,7
ChIJC6nKO-tLqEcRAB1K5YkgD5U,2020-04-16,3,21,27,7
ChIJF_i4LOxJqEcRSteIHuOrkCs,2020-04-16,3,21,18,1
ChIJU_Z6zrBLqEcR2FMXfrxX_as,2020-04-16,3,21,19,29
ChIJAbUn9LNOqEcRi_lb8AM-SJA,2020-04-16,3,21,15,0
ChIJ4ZDApvhLqEcRCORHufZl3UA,2020-04-16,3,21,19,7
ChIJK2Q4gQRMqEcR9OXMJMXHImI,2020-04-16,3,21,16,1
ChIJKSb_HvRLqEcRjhWv_Uk8bvw,2020-04-16,3,21,16,15
ChIJF6Y17vhLqEcR8wOoYTfus0U,2020-04-16,3,21,40,8
ChIJs1i-EFdJqEcRgnSgKCG9fhI,2020-04-16,3,21,27,7
ChIJUX4OZ19JqEcRlJRrkSnSC7k,2020-04-16,3,21,30,28
ChIJN7lN5r1LqEcR_EGduNP5-mU,2020-04-16,3,21,20,21
ChIJN6pXqe5LqEcRkb110_Yaeyg,2020-04-16,3,21,23,13
ChIJ-Ul0FnhLqEcRnRzRhXRKvnQ,2020-04-16,3,21,30,7
ChIJAQ5IPYBLqEcRKdcH-_Vrs-4,2020-04-16,3,21,33,11
ChIJ7x66eO5JqEcRnD1pk9n72Ho,2020-04-16,3,21,12,24
ChIJr7VUvGtJqEcRKTs1-WQF5Wk,2020-04-16,3,21,20,6
ChIJbUzxYd5LqEcRe_2SgzgA6wE,2020-04-16,3,21,14,11
ChIJCSbk59JLqEcRQHrW0Y_7CK8,2020-04-16,3,21,36,26
ChIJ1X5R8T1KqEcR4sYpW6By4ns,2020-04-16,3,21,17,12
ChIJkW_Z0JJJqEcRj8VVHEEGJ-g,2020-04-16,3,21,18,9
ChIJZ22XHv9RqEcRpT-nO1Wer1s,2020-04-16,3,21,8,1
ChIJvy8smp5JqEcRcZUGevzrJKQ,2020-04-16,3,21,17,17
ChIJN0OoOYxJqEcR_GtjUuQGlDw,2020-04-16,3,21,15,7
ChIJt2CZ0W5KqEcROzrhku7yNEs,2020-04-16,3,21,11,25
ChIJKfDUU79JqEcR2ApMBm-a92g,2020-04-16,3,21,11,1
ChIJ0xTQ9TtKqEcRYmiOZ3ET-Os,2020-04-16,3,21,23,3
ChIJB42aSQBKqEcROdz0U_GEnA4,2020-04-16,3,21,13,9
ChIJbZY1_25KqEcRmNyNphC7y9A,2020-04-16,3,21,21,2
ChIJk9yeADlKqEcRVcqbgqq7JWo,2020-04-16,3,21,34,9
ChIJhaL7dHNPqEcRsToH37VlnJY,2020-04-16,3,21,20,8
ChIJv05iFDNOqEcRsags7QSPFqE,2020-04-16,3,21,11,0
ChIJt3MVskpQqEcRbu7s_z185SU,2020-04-16,3,21,62,0
ChIJkYXaef9RqEcRhVLiGgabWrA,2020-04-16,3,21,24,15
ChIJrdHCL95QqEcR9MGjgdkQF78,2020-04-16,3,21,11,5
ChIJG-MsIdhPqEcR84fOu2G3mRg,2020-04-16,3,21,1,5
ChIJ_SLuXdBRqEcR4W3icGC0UOQ,2020-04-16,3,21,4,12
ChIJ_yhicgtRqEcRWJPBh4_Txps,2020-04-16,3,21,8,10
ChIJEV16lt9QqEcR--Ow5k4lrAw,2020-04-16,3,21,10,11
ChIJEV16lt9QqEcRN0xYjygb3Tg,2020-04-16,3,21,6,9
ChIJeWnBEAxOqEcRxCujiWAC9cA,2020-04-16,3,21,56,6
ChIJK9CbnfZRqEcRaH1WG3AGueE,2020-04-16,3,21,38,19
ChIJJ99ot2xRqEcR1C0OBDUv7eI,2020-04-16,3,21,35,37
ChIJAZp7-nxRqEcRGQlcF2wsxig,2020-04-16,3,21,13,20
ChIJ93i4SBxRqEcREgRyzHh3OcU,2020-04-16,3,21,27,35
ChIJQTXmJRNSqEcRhuYvqftsGUo,2020-04-16,3,21,7,1
ChIJWwtcPMpTqEcR0TQXF-Vp4Eo,2020-04-16,3,21,43,19
ChIJ2xXXluhTqEcRG7OkLwBmy2U,2020-04-16,3,21,23,15
ChIJk6Qz6N5QqEcRw7BHSklE3E8,2020-04-16,3,21,14,21
ChIJlakLKaRPqEcRElJtCL-m8nI,2020-04-16,3,21,53,47
ChIJ-8mQVUNQqEcRX_zh8do7jnQ,2020-04-16,3,21,47,36
ChIJfZpzv1BRqEcRPPWYUsLlRa0,2020-04-16,3,21,16,23
ChIJfeIuzE1SqEcR4nNb6lRg2iM,2020-04-16,3,21,34,21
ChIJTdF7l-VTqEcRkGX0zW8IieM,2020-04-16,3,21,21,27
ChIJ38EptC1OqEcRz4WWrQERQc0,2020-04-16,3,21,12,38
ChIJiYtaryJSqEcRKj_bcT2aE0Y,2020-04-16,3,21,15,17
ChIJ5d0FE1BQqEcRQaKP6vHG0_k,2020-04-16,3,21,17,34
ChIJMX49huxTqEcRcTYsxgLytxA,2020-04-16,3,21,32,5
ChIJdfZbBcpWqEcR2PZUbBg09-M,2020-04-16,3,21,36,21
ChIJ0zK3-zhOqEcRLFQnKGo-e9U,2020-04-16,3,21,46,51
ChIJq_tKmxxOqEcRUqTZMRrJZyg,2020-04-16,3,21,4,49
ChIJMdup0AxOqEcRMSiJPpryEtg,2020-04-16,3,21,76,29
ChIJpcwOBDNQqEcRlKFC0DGIzj4,2020-04-16,3,21,5,33
ChIJ2xPeMXZRqEcRBDgvTzz9jJU,2020-04-16,3,21,6,29
ChIJJxP1KyRRqEcR_hGOrPvJcEE,2020-04-16,3,21,36,41
ChIJZ0KxF_JRqEcRrLHB-4r-U-o,2020-04-16,3,21,8,2
ChIJS6_t9aZHqEcRGCiRSnvpm94,2020-04-16,3,21,8,0
ChIJraCYwolRqEcRxVtJLuV3IDc,2020-04-16,3,21,119,11
ChIJCfROcedRqEcRjFRvdEEGvYY,2020-04-16,3,21,47,13
ChIJw_HTKK9RqEcRyeWAo9t_YlU,2020-04-16,3,21,9,2
ChIJR4cnPN5TqEcRHt6p-zRgAgc,2020-04-16,3,21,97,26
ChIJmbztRB9OqEcRGBgdJ67pifE,2020-04-16,3,21,1,22
ChIJx4yH3gZRqEcRoqmoKpHMLDo,2020-04-16,3,21,11,40
ChIJsfzV9n9RqEcR5WL5JBt9S68,2020-04-16,3,21,32,54
ChIJ4dic-71RqEcRj6sdBp0wvr0,2020-04-16,3,21,4,13
ChIJIwgg_gBPqEcRrb7VlG-c9tI,2020-04-16,3,21,16,11
ChIJhX6bwAxRqEcRkZurgyAaAMU,2020-04-16,3,21,1,36
ChIJOZG7315OqEcRVs8ZP5sx0mQ,2020-04-16,3,21,24,1
ChIJ_SKT7opOqEcR-kwMRzlB104,2020-04-16,3,21,33,44
ChIJpU9lbv5QqEcRi2P-1X1gkno,2020-04-16,3,21,16,26
ChIJnbNuyRhPqEcRUIN-creCDbw,2020-04-16,3,21,13,5
ChIJ8TbTJwJOqEcRvPFwPGvwmMw,2020-04-16,3,21,15,3
ChIJeR5kMjBOqEcRcJjqBMMfYKg,2020-04-16,3,21,24,12
ChIJm7OhB9dTqEcRQruMUhzPDv8,2020-04-16,3,21,20,12
ChIJm95akk5QqEcROfFuFWFhYt8,2020-04-16,3,21,21,47
ChIJ2y578VNQqEcRIBWlH5hMyzk,2020-04-16,3,21,10,0
ChIJJ7hs2y9OqEcREgQ5PqL4--I,2020-04-16,3,21,20,28
ChIJ_zRDulpMqEcRvbyCl7l3rXA,2020-04-16,3,21,5,0
ChIJX3zVB9dTqEcRxgS7v4lhFig,2020-04-16,3,21,39,15
ChIJH0CL4PtRqEcRwU1E3Fzrmkg,2020-04-16,3,21,14,0
ChIJoTWZvitOqEcRsGjSIgmkrTY,2020-04-16,3,21,19,0
ChIJpxxhBA9RqEcRDYMaMAsyWck,2020-04-16,3,21,12,19
ChIJSQxBEh1OqEcRFqZNsYAOhE4,2020-04-16,3,21,11,0
ChIJX0Mmkc9RqEcR0bH4Q4qkC-k,2020-04-16,3,21,10,27
ChIJpz0IDx9SqEcRvm7nUYrE_Vk,2020-04-16,3,21,26,34
ChIJ3z5s5B9OqEcRNhTDwzwxE-M,2020-04-16,3,21,16,23
ChIJmbp8HiZOqEcRbKKAwF5KDY8,2020-04-16,3,21,32,17
ChIJS5p1GdRRqEcRzoMvYJZBdkM,2020-04-16,3,21,11,28
ChIJpeHVvSRSqEcRZ_-_N1xRZnw,2020-04-16,3,21,28,21
ChIJwUx4jhROqEcRFtwMHSdmp9Q,2020-04-16,3,21,25,18
ChIJDQShG6NRqEcRXNHQYjXYAKk,2020-04-16,3,21,14,16
ChIJia1T6tVTqEcR-MAjgIKxpM4,2020-04-16,3,21,18,35
ChIJx1fseTtSqEcR4pzCgZ6LShw,2020-04-16,3,21,17,36
ChIJeZ0RHcNRqEcRZfunLIjlWuY,2020-04-16,3,21,14,52
ChIJmQtpiOBRqEcRqBjTGY_LvHI,2020-04-16,3,21,7,33
ChIJBUEJietRqEcRM-_HFj_aQig,2020-04-16,3,21,9,45
ChIJ_TCi_hJRqEcRk7fVfl3V1cc,2020-04-16,3,21,42,41
ChIJKykEKEpQqEcRJv29rjPz4z4,2020-04-16,3,21,24,22
ChIJozX6XTNOqEcRt6tYet0AmsY,2020-04-16,3,21,29,44
ChIJs_qmBiRSqEcRuOJciveXgds,2020-04-16,3,21,39,46
ChIJ-8sDhdpRqEcRp062PKUWqo0,2020-04-16,3,21,2,0
ChIJ6_iV89BRqEcRCr5Ntbe5cLA,2020-04-16,3,21,15,34
ChIJqRnpB6VRqEcRiwATztZ-ToI,2020-04-16,3,21,19,28
ChIJNSRAKP5QqEcRHOdSsVvO7pA,2020-04-16,3,21,14,39
ChIJO6VWDYBRqEcRzPLmwVojiAI,2020-04-16,3,21,29,11
ChIJbxwFKGZRqEcRdn7lr6G238E,2020-04-16,3,21,29,14
ChIJI4B4qyxSqEcRZNnnHhCAWyE,2020-04-16,3,21,53,20
ChIJz_sXfRJRqEcRACl-UDx3IQU,2020-04-16,3,21,18,12
ChIJbyaoEghRqEcRQCzKsqoIIEA,2020-04-16,3,21,16,17
ChIJrxglfA1RqEcRjzUZeIfN-IM,2020-04-16,3,21,43,62
ChIJKUjXGN5QqEcRphUI_fJwOYA,2020-04-16,3,21,25,46
ChIJBUVXPv5QqEcRGlvQnGYFiUg,2020-04-16,3,21,1,40
ChIJrwKKfrdPqEcRNgHkwTpissY,2020-04-16,3,21,8,57
ChIJt97xxeVTqEcRxKpBXbMuzqY,2020-04-16,3,21,10,50
ChIJB9rLtppQqEcRf-wKgu8Fs7M,2020-04-16,3,21,28,33
ChIJJTrAdP9RqEcRFZCHzSjrgLo,2020-04-16,3,21,21,50
ChIJMdwm4k1QqEcRrxlrygJHhfo,2020-04-16,3,21,17,26
ChIJDVw-XiFQqEcRRy34n0DCSsI,2020-04-16,3,21,28,30
ChIJW6zN2C1JqEcRBmoOQZnU8oM,2020-04-16,3,21,46,18
ChIJycTArBRQqEcRbVNynqJL360,2020-04-16,3,21,24,24
ChIJ0_vvSZNQqEcRn_LQUX4otKI,2020-04-16,3,21,43,20
ChIJ71LfPyRQqEcREPzINNw8hII,2020-04-16,3,21,67,35
ChIJnVifHiBQqEcR_BpZsMqPHos,2020-04-16,3,21,27,61
ChIJV3HSjZtPqEcRN9rQKBiKMfY,2020-04-16,3,21,19,20
ChIJTegsmNJRqEcR7aVPZjOoUWk,2020-04-16,3,21,16,22
ChIJURa0ustRqEcRkb9gR7lWvuA,2020-04-16,3,21,5,12
ChIJC7MmvJ9TqEcRaZXZoyybPDM,2020-04-16,3,21,34,1
ChIJWVnzDXZSqEcRAmoXuMxR2xw,2020-04-16,3,21,35,20
ChIJ7cAxl3dSqEcRgtOChXQeOLg,2020-04-16,3,21,25,15
ChIJtey4DkFSqEcRuiyRMPRWxJQ,2020-04-16,3,21,68,1
ChIJcRuIitZTqEcRXjddge00hls,2020-04-16,3,21,97,7
ChIJRSAG_01SqEcRisdyMHKNOpA,2020-04-16,3,21,59,8
ChIJIY8h2eVTqEcRZLF2YE8SfIc,2020-04-16,3,21,30,36
ChIJ14itMs1TqEcRo82NaiyCrh4,2020-04-16,3,21,32,48
ChIJKZHkippRqEcRkqiQOvsuYDg,2020-04-16,3,21,1,20
ChIJ53t6cI5RqEcRdhO7sM7SjhQ,2020-04-16,3,21,33,48
ChIJG_H_9T5TqEcRq0GacN1NYtM,2020-04-16,3,21,12,11
ChIJTyus-uJPqEcRCwOiyMnlqdw,2020-04-16,3,21,13,27
ChIJXymkzzJSqEcRollqEWEifX0,2020-04-16,3,21,14,12
ChIJlZaUb9dTqEcR-VRnQ-lxMRU,2020-04-16,3,21,23,12
ChIJLQBjKzNSqEcRP5SToPJn1Q4,2020-04-16,3,21,27,11
ChIJ1VqxZ8tTqEcRHbCBz6Liufc,2020-04-16,3,21,34,22
ChIJzw4vnSlSqEcRQcb2UV-VqZY,2020-04-16,3,21,56,42
ChIJ3bdyWNZTqEcRu_JE9VxMJoI,2020-04-16,3,21,24,24
ChIJnUGeTn5SqEcRRHHWOvlpY1E,2020-04-16,3,21,35,10
ChIJqWfienpOqEcRvWLV92h7S0Q,2020-04-16,3,21,26,59
ChIJKZEv8jFSqEcR-VCMXeug3YI,2020-04-16,3,21,36,27
ChIJkb4Q4z5SqEcRpVMyvO0LWHs,2020-04-16,3,21,32,25
ChIJO4r9cEBSqEcR8HtXuCbyLr8,2020-04-16,3,21,36,28
ChIJD-qpVh9SqEcRd5Wpo6wf_Qk,2020-04-16,3,21,11,12
ChIJ8W7YDuBFqEcRiTGiiK9vb5s,2020-04-16,3,21,62,1
ChIJGa7YRHVPqEcRd-ITbx_xmZ0,2020-04-16,3,21,28,14
ChIJXQ1rNYBNqEcRUPVOqJfrjmI,2020-04-16,3,21,13,20
ChIJh1TYJrtPqEcR7M1CSCHQMUY,2020-04-16,3,21,107,28
ChIJO1QHaqRPqEcRWvbAkiKNd3I,2020-04-16,3,21,18,19
ChIJyViE_2JPqEcRYRZ2zl7k1cU,2020-04-16,3,21,22,18
ChIJAUkuvL1PqEcRtEsRKQbDzOk,2020-04-16,3,21,33,12
ChIJvRuEzZrjqEcRg14mYIElFHI,2020-04-16,3,21,18,42
ChIJT7qE5bxPqEcR6G7igfA9vtQ,2020-04-16,3,21,26,21
ChIJHda4hAlPqEcRJRMadlJ7YMo,2020-04-16,3,21,52,25
ChIJiT47naRPqEcRkuiNMlhUlAY,2020-04-16,3,21,25,35
ChIJ1dXplptPqEcRSLSpg84QiXA,2020-04-16,3,21,8,29
ChIJR7Gh-HVPqEcRWJrdPiZRkUM,2020-04-16,3,21,40,48
ChIJVf1mrKVPqEcRMGroljQNUP0,2020-04-16,3,21,3,6
ChIJEyFk_oFPqEcRhV_FDxirE30,2020-04-16,3,21,23,14
ChIJM1iL975FqEcRThgXTxNNU_I,2020-04-16,3,21,19,8
ChIJsQwmII1FqEcRnNFP80_FGm8,2020-04-16,3,21,13,7
ChIJIdAP8upFqEcR1Xz66RlQ8S0,2020-04-16,3,21,54,9
ChIJIdAP8upFqEcRnDdxnoYQj0Y,2020-04-16,3,21,20,9
ChIJO1QHaqRPqEcRJ1r5ccupsgg,2020-04-16,3,21,40,15
ChIJJWR5Zn9PqEcRR90AwQAFFJo,2020-04-16,3,21,10,12
ChIJAQAAAJ1FqEcRckp88vg6bMw,2020-04-16,3,21,36,63
ChIJFQzaEKVIqEcRHxjNwXtsX2Y,2020-04-16,3,21,19,51
ChIJ9ZdIkcJFqEcRpbf_G_Kzrvo,2020-04-16,3,21,31,19
ChIJ7-kZ87hFqEcR0tgyTMSLzrA,2020-04-16,3,21,29,14
ChIJs2nudbNIqEcRFGDwaWbS_WA,2020-04-16,3,21,28,16
ChIJv9V70YtIqEcR_hb8YncJAkI,2020-04-16,3,21,21,9
ChIJVRavqgFHqEcRAaNyJdXAfMw,2020-04-16,3,21,27,65
ChIJFWmTG_lGqEcRv0XaBtxuEGQ,2020-04-16,3,21,56,30
ChIJ1TnDbs9HqEcR_Pj7ivIk0Mc,2020-04-16,3,21,42,22
ChIJN9752yxGqEcRtc7TzT9GbVA,2020-04-16,3,21,47,34
ChIJScwmSRJIqEcRcV145kVtWf8,2020-04-16,3,21,17,17
ChIJg0bPRW5GqEcRP63-EAlZDdI,2020-04-16,3,21,18,7
ChIJrdA54FZGqEcR70Al-mqcvXM,2020-04-16,3,21,9,0
ChIJC2SkmC9GqEcRwaGDsx9zVFo,2020-04-16,3,21,13,6
ChIJp6lPUGVGqEcR1SpRPK99uvk,2020-04-16,3,21,23,8
ChIJJw_dZkpGqEcRCbg37kf32ig,2020-04-16,3,21,16,7
ChIJsUtXivhNqEcR6trhuy-IjbE,2020-04-16,3,21,48,9
ChIJH0JAcHhOqEcRlurTsUQI-LY,2020-04-16,3,21,61,10
ChIJccZIAbtNqEcRiTa-yhbfYUk,2020-04-16,3,21,15,4
ChIJLVVhfz5MqEcRZ10gPxTRe2o,2020-04-16,3,21,64,30
ChIJSf5DhXdSqEcRBUyIYthufuQ,2020-04-16,3,21,15,36
ChIJT6G1SPVNqEcRrpTb36knzgU,2020-04-16,3,21,20,36
ChIJUzf9OsxNqEcRNxaVrCLJsB0,2020-04-16,3,21,13,35
ChIJy14jj-FNqEcRN0EtB_bN768,2020-04-16,3,21,24,40
ChIJKbkPPeVNqEcRMh-ESl0wAYY,2020-04-16,3,21,2,0
ChIJryyzfWNOqEcRdKxs9KjZk-c,2020-04-16,3,21,35,20
ChIJwSJ64nZOqEcR_0eM5up2OzM,2020-04-16,3,21,17,7
ChIJiZmjrwZOqEcRizPTJid4SCs,2020-04-16,3,21,20,22
ChIJH-K_7PtNqEcRvj71G_xiWoo,2020-04-16,3,21,28,21
ChIJMRHMx4RSqEcR5jCKK9rhFeo,2020-04-16,3,21,18,14
ChIJ5zqQoh1OqEcRIRHhjZ1mWe4,2020-04-16,3,21,8,19
ChIJq9QQLPxNqEcRuaDfCDUObsA,2020-04-16,3,21,47,46
ChIJSc1oRP5RqEcR3i7lmA4IjGc,2020-04-16,3,21,14,30
ChIJX1Rz_ONNqEcR-fcjJr38xio,2020-04-16,3,21,14,22
ChIJR7p7VQRSqEcRK_7JsHmnAfE,2020-04-16,3,21,42,33
ChIJfeO-fvxNqEcRgFleTdCWdq8,2020-04-16,3,21,18,26
ChIJ5QbXg_pNqEcRpET-IsGRDcs,2020-04-16,3,21,15,22
ChIJ00SHyQ5OqEcRGie0wycsKRs,2020-04-16,3,21,11,17
ChIJjfPseQlOqEcRsAbFBhuXO_4,2020-04-16,3,21,30,18
ChIJE666cQFSqEcRWXZ26mmw-DI,2020-04-16,3,21,33,32
ChIJOQZyusZNqEcR_BZWhffywIE,2020-04-16,3,21,63,2
ChIJZTHgqVJMqEcRLYq2iIDEv-E,2020-04-16,3,21,41,3
ChIJve5vvm5MqEcR_il38FNii0Y,2020-04-16,3,21,26,17
ChIJMwt90XVMqEcRd1KhechpbLc,2020-04-16,3,21,32,28
ChIJKbkPPeVNqEcRLxxOD04CFT8,2020-04-16,3,21,11,43
ChIJ9QcFFpJNqEcRXalN-rK5Sv4,2020-04-16,3,21,18,9
ChIJn_rebfdNqEcR0pIqK93_hW0,2020-04-16,3,21,10,13
ChIJDWbXAvZNqEcRJ0KxM9Uo3lA,2020-04-16,3,21,17,12
ChIJ593pJodSqEcRDfFyWleT-Po,2020-04-16,3,21,40,9
ChIJf3BlDGJSqEcR9__cqaiXU_o,2020-04-16,3,21,8,0
ChIJjdAIn3RSqEcRsQzQK5T9ggA,2020-04-16,3,21,15,5
ChIJpwBwQceyqUcRM21ARGxI54s,2020-04-16,3,21,11,8
ChIJFZ_O0GtSqEcRprKHHecd14Y,2020-04-16,3,21,26,16
ChIJYf3W8TVNqEcRFDldWfyOGFg,2020-04-16,3,21,10,1
ChIJM2GYCw1SqEcRgp8RpFpjObE,2020-04-16,3,21,18,19
ChIJLw08c05NqEcRLzFFAg-ZvuU,2020-04-16,3,21,21,11
ChIJc98UvL1SqEcRUK2pW71l-jU,2020-04-16,3,21,27,8
ChIJA50BdzVNqEcR93PfjmcHx0Y,2020-04-16,3,21,7,5
ChIJERUUMlxSqEcR2PZW1j2OdiQ,2020-04-16,3,21,34,31
ChIJMU9DHphSqEcRzT_gLIsbg8M,2020-04-16,3,21,21,8
ChIJNT7ZUYdSqEcRo8iV386I9GA,2020-04-16,3,21,44,14
ChIJn75FcvFSqEcRlIjlhnMcazo,2020-04-16,3,21,14,5
ChIJU24x_rpSqEcRNiB6jabjKNg,2020-04-16,3,21,17,18
ChIJJYnn8mtSqEcRJ7vPTuz3H6E,2020-04-16,3,21,12,24
ChIJa7M-MM5MqEcRAL92qKQ9RXA,2020-04-16,3,21,21,11
ChIJlajMyjazqUcRQl-DeZcRC0g,2020-04-16,3,21,25,7
ChIJy9SSvOeyqUcRPQ-kD2-q0O8,2020-04-16,3,21,11,7
ChIJpVjJa1NMqEcRi8to82IlSD8,2020-04-16,3,21,48,27
ChIJizaXEvhMqEcRMa-ZTmZNuIg,2020-04-16,3,21,27,15
ChIJYT10TopLqEcRcUlYviaFLCw,2020-04-16,3,21,67,16
ChIJK0aHUhtMqEcRnl2S6QO3dQc,2020-04-16,3,21,35,10
ChIJU-10ZjlMqEcRqX9qp1WCi-M,2020-04-16,3,21,28,12
ChIJ62Sid_hMqEcRYUat_q1651I,2020-04-16,3,21,18,8
ChIJT30RJi5MqEcRl7yrt0LdHxc,2020-04-16,3,21,19,16
ChIJaRt3rf9SqEcRYAUfcHthjqI,2020-04-16,3,21,11,11
ChIJbxOUO-9SqEcRMqN9MGLhkC0,2020-04-16,3,21,14,5
ChIJo2hZkI6sqUcR6GCWfooU3Fo,2020-04-16,3,21,24,4
ChIJuRa8dAtTqEcRv1D-YPsy-Vs,2020-04-16,3,21,21,35
ChIJ6zUIDNYjZUER1oaqPY85IwU,2020-04-16,3,21,55,26
ChIJo5qX-nRGqEcRfCI0ohyka1A,2020-04-16,3,21,26,18
ChIJ42_jWKVIqEcRA58tdL_rUS4,2020-04-16,3,21,18,0
ChIJF2tQ63JUqEcR05cGOBAe84c,2020-04-16,3,21,16,42
ChIJfcZWTmJTqEcRBvCo1nqE8hs,2020-04-16,3,21,16,10
ChIJtatQ9ndTqEcRLH17uAIbQjc,2020-04-16,3,21,40,41
ChIJoUBj53pTqEcR8WeZxAyaves,2020-04-16,3,21,16,6
ChIJQW8bfLxSqEcRB_hTVr0nX0w,2020-04-16,3,21,11,1
ChIJBRJvrwlTqEcRY-E561TAnc0,2020-04-16,3,21,25,11
ChIJKwMvGdCzqUcRXGzbceneBeE,2020-04-16,3,21,5,29
ChIJXcob7EdLqEcR8a3D0iKNhPo,2020-04-16,3,21,17,21
ChIJd-TX2UtJqEcRNqyhO4GgNy4,2020-04-16,3,21,14,25
ChIJ1QYx7OKyqUcRiZ0-7NDoT9g,2020-04-16,3,21,7,1
ChIJvarDiSazqUcRIlt2mAQvzZk,2020-04-16,3,21,1,8
ChIJo-bz50qyqUcRu4irvGUr2qo,2020-04-16,3,21,22,8
ChIJS3UyRlxSqEcRmHaZIJIRplA,2020-04-16,3,21,9,4
ChIJZ3HpNGRSqEcRvDif9o0_3oI,2020-04-16,3,21,54,2
ChIJ65exT7ZTqEcR3rYZi0XQx1E,2020-04-16,3,21,17,15
ChIJ4-iN4HJUqEcRDwhmT6D0AV4,2020-04-16,3,21,27,27
ChIJj2K2su5TqEcRdcDM-gGm7so,2020-04-16,3,21,23,27
ChIJ3aopeOxTqEcRJ72MFIj3kWI,2020-04-16,3,21,11,9
ChIJoTKmKItTqEcReUciKS4wlVI,2020-04-16,3,21,24,13
ChIJX_A1rEJUqEcRO0UhFkWONvg,2020-04-16,3,21,2,0
ChIJ-61vWhRUqEcRD5DlSHICPLE,2020-04-16,3,21,24,13
ChIJRbgMrLVTqEcRB48mK3kHSjg,2020-04-16,3,21,36,16
ChIJywlXArZUqEcRzDAGASd0cAw,2020-04-16,3,21,16,38
ChIJG4Q1nL9UqEcR3bJE3nYT1UY,2020-04-16,3,21,8,0
ChIJ1aL2f0hVqEcRMFZaUPh-TdU,2020-04-16,3,21,21,7
ChIJpYVQ_A1VqEcRa7DmApcxoh0,2020-04-16,3,21,12,32
ChIJM4L31vb_qEcRahujF3B261A,2020-04-16,3,21,28,50
ChIJGzoC3RJVqEcRM2kPCC-3lts,2020-04-16,3,21,4,0
ChIJ21Y29Yj_qEcR5NrjivSr3f8,2020-04-16,3,21,22,14
ChIJH-KorfT_qEcRJ3nEMCBmnNA,2020-04-16,3,21,17,2
ChIJQ0IPbJZUqEcRGvp9B-WyWxc,2020-04-16,3,21,10,9
ChIJ-3tMmx0AqUcRNXuakeTB5hU,2020-04-16,3,21,38,9
ChIJhSmMDOaqqUcRhuRYmK2sRZo,2020-04-16,3,21,21,9
ChIJJ0Jt3ntTqEcR0GZzFQaYx8M,2020-04-16,3,21,18,10
ChIJvxEzn79UqEcRr-cztBlGvqU,2020-04-16,3,21,12,18
ChIJQ6sC3xJTqEcRvOvbF62cTAE,2020-04-16,3,21,42,8
ChIJgxrNfLxTqEcRopH5Wf_xLqw,2020-04-16,3,21,39,12
ChIJJ2FDtxD5qEcRqUteKjs1zjU,2020-04-16,3,21,28,11
ChIJzwrnFyb5qEcRFK7Bh4NnvvU,2020-04-16,3,21,9,15
ChIJ08HtQjBWqEcRchYkac7U8Kg,2020-04-16,3,21,34,10
ChIJjejX2klWqEcRELqC-OysZDY,2020-04-16,3,21,9,16
ChIJ3Se-JVn4qEcR4y9koeGPLnc,2020-04-16,3,21,30,26
ChIJq6niu_JWqEcR_VAA7c-8AjU,2020-04-16,3,21,30,7
ChIJrT1OFylWqEcR0thmzp1l4Kk,2020-04-16,3,21,14,6
ChIJA0mmch9WqEcR2DYdUuoeM_Y,2020-04-16,3,21,17,0
ChIJk1IsmlxWqEcRg3VZ_WjTAII,2020-04-16,3,21,23,28
ChIJN8GzsctXqEcRcK2-JvUredI,2020-04-16,3,21,16,10
ChIJDygb49VXqEcRuY9-WAvvJ8Y,2020-04-16,3,21,34,17
ChIJEbi54udVqEcRFBfbPp4ejDQ,2020-04-16,3,21,7,13
ChIJtzgyFUtWqEcRH0f-i2wPCCI,2020-04-16,3,21,21,44
ChIJ1UUIjhRWqEcR6d-dJXxIxZg,2020-04-16,3,21,19,30
ChIJodFZ-HRWqEcROMvUxuUqkYQ,2020-04-16,3,21,17,20
ChIJQUGW06P4qEcRBRDDuBXq15g,2020-04-16,3,21,25,14
ChIJa5KWnGP4qEcRYI7WTzGIUMg,2020-04-16,3,21,19,16
ChIJy5ZcypJWqEcRvoM46nj5kQk,2020-04-16,3,21,5,3
ChIJnQY1Q3NWqEcRqAe7KrZ_8FM,2020-04-16,3,21,12,7
ChIJi9pZeoxWqEcR1fZDlZr4sSg,2020-04-16,3,21,20,23
ChIJH-FG1nZWqEcRFcSnwZr6ky8,2020-04-16,3,21,22,5
ChIJkU8TYBZWqEcRqRmFlR0tt8U,2020-04-16,3,21,25,12
ChIJ_zk9drRXqEcROocNxeVnINs,2020-04-16,3,21,18,14
ChIJNfxEBmJUqEcRtX6yM2-bSV4,2020-04-16,3,21,7,10
ChIJefiOhpz5qEcRKM4ExZ8zzWw,2020-04-16,3,21,18,3
ChIJOU5ikAH8qEcRB1FjvcWlfv4,2020-04-16,3,21,15,1
ChIJM_onaAFXqEcRTQ6D8aUsvzk,2020-04-16,3,21,12,7
ChIJJcxlRshXqEcRDK9RikzWTL0,2020-04-16,3,21,8,0
ChIJ81dlOMhXqEcRPzRfU4uJ_sY,2020-04-16,3,21,8,0
ChIJ4Tqh84j4qEcRsPII-GhldcA,2020-04-16,3,21,35,4
ChIJb7NSkNJXqEcR5mFKAaWoaNw,2020-04-16,3,21,12,7
ChIJldp-DUpWqEcR9IPPdlCduN4,2020-04-16,3,21,23,2
ChIJs91qpdFXqEcRP3siAfhqVio,2020-04-16,3,21,35,14
ChIJI7o-RKL4qEcRSW8bwJBmRgI,2020-04-16,3,21,25,1
ChIJrwRznob4qEcRaC1SW4kd0Hc,2020-04-16,3,21,26,6
ChIJYzHEijRKqEcRfWX0m0jE_C0,2020-04-16,3,21,16,8
ChIJk5UpicZaqEcRlnIxlxTWyFY,2020-04-16,3,21,5,16
ChIJc4zUgeb3qEcRvNAseahBsOE,2020-04-16,3,21,11,0
ChIJGZctxm9YqEcRf-jUO-p4Fhg,2020-04-16,3,21,5,0
ChIJi7lpRWVYqEcRLV4gSXWY25o,2020-04-16,3,21,18,3
ChIJhStljMJYqEcRkDUTEoXOBO4,2020-04-16,3,21,13,13
ChIJrX8gsMdYqEcRmS-dfWRNGF0,2020-04-16,3,21,11,0
ChIJ-Ur0EXFZqEcRvAQOjrIwbEk,2020-04-16,3,21,7,12
ChIJ_REdIev3qEcREkbqzF_LtuY,2020-04-16,3,21,20,10
ChIJAdHoNp9ZqEcRuhz7aZ_S_Ao,2020-04-16,3,21,14,8
ChIJS4hDKoZZqEcRpb0tc2SrUgk,2020-04-16,3,21,9,17
ChIJpdtS4OlXqEcRJT-We2cwhzY,2020-04-16,3,21,17,13
ChIJQ0a_q5ZaqEcR8L7vYFvbZIo,2020-04-16,3,21,43,12
ChIJGSiKFTdFqEcRqDRVCiYJG7s,2020-04-16,3,21,50,12
ChIJpx64TR1bqEcRvIJ9uDlGz9M,2020-04-16,3,21,25,44
ChIJ2YmbvBdFqEcRjY4gPaBMuXY,2020-04-16,3,21,11,25
ChIJmWjf4jdFqEcRXlGBfcwPyvw,2020-04-16,3,21,14,38
ChIJ13lD7xxbqEcRUXm2tI0gjcM,2020-04-16,3,21,29,40
ChIJMc0RAShbqEcRLN_IMUdf0Vo,2020-04-16,3,21,7,3
ChIJ2VaZ3YNaqEcR9eoh3QjGMSA,2020-04-16,3,21,3,7
ChIJn_8YFp1aqEcRDsb0Jewsb58,2020-04-16,3,21,8,8
ChIJd1ptF4RaqEcRL9GU9xHBxpY,2020-04-16,3,21,2,15
ChIJNecEQ5VaqEcRM76L68pgHfA,2020-04-16,3,21,13,22
ChIJnfaQ5IVaqEcRDHuAPZ54ZJg,2020-04-16,3,21,18,48
ChIJf18YvJ9bqEcR8rlaZZazwCU,2020-04-16,3,21,15,9
ChIJpdVPSZtaqEcRfPTBMeEE8RA,2020-04-16,3,21,28,12
ChIJ9ZHntpdaqEcR8e4alR8AxPw,2020-04-16,3,21,21,11
ChIJfZ3vcJ5aqEcRNRv0EFAXoj4,2020-04-16,3,21,21,20
ChIJfRuck4taqEcRwerPwpBtUzA,2020-04-16,3,21,28,31
ChIJgc1cinlQqEcRZj9G8EIzi64,2020-04-16,3,21,24,45
ChIJ-9FayK5EqEcRl62ni0j9Apc,2020-04-16,3,21,20,9
ChIJ5dI3fdpEqEcRQti1ZbS4aMw,2020-04-16,3,21,15,43
ChIJabeoeF1aqEcRB0SVPuvpOYo,2020-04-16,3,21,14,14
ChIJP5SHtUlaqEcR3iHLbC_D8OM,2020-04-16,3,21,13,11
ChIJU1WLrV5aqEcRf1hWovAghiU,2020-04-16,3,21,4,10
ChIJpx64TR1bqEcRczSaxeoT3AU,2020-04-16,3,21,30,19
ChIJT579GKlbqEcRPjkAbtl9ZNE,2020-04-16,3,21,8,7
ChIJDa59WGBaqEcROdjjFopjXhg,2020-04-16,3,21,3,10
ChIJbcJASBhbqEcRnVyAGBVO2Mg,2020-04-16,3,21,20,12
ChIJCwhHdudaqEcRWcSLisf1h04,2020-04-16,3,21,15,5
ChIJKYerNv5aqEcRVY2ZkR3JWPo,2020-04-16,3,21,7,15
ChIJhVNcFL9bqEcRWUwsltelyaI,2020-04-16,3,21,21,11
ChIJ_fWIS85aqEcR6uGAoNAyC4o,2020-04-16,3,21,25,8
ChIJh_3gxwJFqEcRjkpG2Lx2bDs,2020-04-16,3,21,26,17
ChIJVVAu4StbqEcRZPfKfQyjfFY,2020-04-16,3,21,9,11
ChIJR33cPcRaqEcRn32Jkt4NsVY,2020-04-16,3,21,23,0
ChIJtQZUlDRFqEcR_fC3OQLnb8E,2020-04-16,3,21,11,13
ChIJU68WHitFqEcRgLkDEdZuzY8,2020-04-16,3,21,18,14
ChIJ4-vJWi9QqEcRm8BI0Ko8r6I,2020-04-16,3,21,26,41
ChIJhdxAV9NEqEcRMzRKwk6bnNo,2020-04-16,3,21,25,17
ChIJ_bG5O4BZqEcRaxKuQcrsbGc,2020-04-16,3,21,37,1
ChIJbSNQufBbqEcRsQcgNqoLVOM,2020-04-16,3,21,8,49
ChIJc1aq0AlaqEcRh7zLpWv7UgQ,2020-04-16,3,21,28,43
ChIJ53OY43FaqEcR2EGRh57Vx_M,2020-04-16,3,21,6,12
ChIJT5bmxDBZqEcRGpmVsduUkEE,2020-04-16,3,21,22,19
ChIJdWug0ZFZqEcRsllOAM0vD8M,2020-04-16,3,21,16,3
ChIJjZtDvllZqEcRPmkcPR1fK-s,2020-04-16,3,21,2,0
ChIJn9bPwWBZqEcRB7lDvoZ_uaM,2020-04-16,3,21,10,5
ChIJyeIoG-xbqEcR9_smEVvMpm4,2020-04-16,3,21,11,5
ChIJ-Xb55qP2qEcR4c-m6EUBiuU,2020-04-16,3,21,25,9
ChIJ_W_jtvH1qEcROU8Wodim5Lw,2020-04-16,3,21,14,34
ChIJNYkcziNfqEcRXfz4j97Go6Y,2020-04-16,3,21,29,11
ChIJ_VncAWP2qEcRMOmfEKxfjvQ,2020-04-16,3,21,15,21
ChIJW7xY54r1qEcRInkLfgpBHFU,2020-04-16,3,21,6,6
ChIJi43HwF9fqEcRY5AlOEG4esI,2020-04-16,3,21,9,32
ChIJYeXPUmlfqEcRxsXR3xIrOX0,2020-04-16,3,21,14,39
ChIJMX_QUon1qEcRNXrC_fOQQLY,2020-04-16,3,21,8,27
ChIJ2fOF5nhfqEcRpqTaG2KS-jE,2020-04-16,3,21,13,7
ChIJ_7pRkNr1qEcRBw_8htppJBA,2020-04-16,3,21,1,0
ChIJi36xID1fqEcRbk_8aCswWeU,2020-04-16,3,21,13,2
ChIJ8_SOld31qEcR4eF-XC-1kik,2020-04-16,3,21,5,17
ChIJCQThiBZfqEcRng7EjLePCIo,2020-04-16,3,21,33,11
ChIJ6RAZE-_1qEcR-9gegoAEQrQ,2020-04-16,3,21,16,24
ChIJ1deWK2ZQqEcR7iiuf3wwW4o,2020-04-16,3,21,102,12
ChIJ_w_XMBFQqEcRcE7IT-rcsE0,2020-04-16,3,21,12,8
ChIJuWuPPFtQqEcR0NZmaNK5dnI,2020-04-16,3,21,3,0
ChIJ8at7fUZQqEcR_ImBlmw6pzw,2020-04-16,3,21,28,17
ChIJ0xu4qgNQqEcRZan65Aqb_1U,2020-04-16,3,21,23,13
ChIJ67nZqgdQqEcRbEouF6QOu8Q,2020-04-16,3,21,26,11
ChIJffsvhkdQqEcR_sR5IKowM3M,2020-04-16,3,21,38,23
ChIJ-aCIwzxQqEcRNCja04QzZYk,2020-04-16,3,21,25,18
ChIJYZCGP2pQqEcRrwimFQgGHsE,2020-04-16,3,21,24,18
ChIJQ7LUPVZQqEcRnyhs_9iweFw,2020-04-16,3,21,22,13
ChIJb55IGVBQqEcRa17Tj6ZIo78,2020-04-16,3,21,29,16
ChIJm9ZARUNQqEcRwUFLxajUslw,2020-04-16,3,21,17,18
ChIJM_OBXEBQqEcR-JTTMJb7fWw,2020-04-16,3,21,16,59
ChIJ0058tWtQqEcR4Cz5TftZmns,2020-04-16,3,21,17,23
ChIJL_YdnXxPqEcR4kOSqboJH1E,2020-04-16,3,21,13,7
ChIJARYRWfxPqEcRnm5wyrVFaKg,2020-04-16,3,21,22,44
ChIJ8TU-IyBQqEcRCMTf9YiyYfs,2020-04-16,3,21,19,17
ChIJc2MRUyJQqEcRiPxnSUA6puM,2020-04-16,3,21,21,15
ChIJkcdpm_BPqEcRHgKkV9zfqlc,2020-04-16,3,21,26,12
ChIJ8YLvboZPqEcRY4MT2iR5QhI,2020-04-16,3,21,18,17
ChIJvynjj_9PqEcRoaDfDpDBFqw,2020-04-16,3,21,44,32
ChIJxZtco0NFqEcR7jayoz68BbQ,2020-04-16,3,21,37,13
ChIJFXbAIYNFqEcRvCfLI5ziWbw,2020-04-16,3,21,42,45
ChIJ1eLre-5FqEcR7DY7-JbKyzY,2020-04-16,3,21,19,31
ChIJr8trV_3Kc0ERbtcQvONtghs,2020-04-16,3,21,22,15
ChIJNT4-cEVFqEcRGsA7KJewwsA,2020-04-16,3,21,1,0
ChIJK6wQDN5EqEcRjBKwH_Lgvns,2020-04-16,3,21,16,8
ChIJZ4JklOFEqEcR4iDDCgoK5mg,2020-04-16,3,21,19,6
ChIJ9StWibFaqEcRVCc_agFcEug,2020-04-16,3,21,13,7
ChIJv2itN0dFqEcR-IOEEbx5cGk,2020-04-16,3,21,23,15
ChIJqzqlrGhFqEcRyAb-HNm1fr0,2020-04-16,3,21,18,7
ChIJc-_rrBJPqEcRm8sG5UarTXw,2020-04-16,3,21,23,38
ChIJG7SJVL9BqEcRDi1SDWzlmJ0,2020-04-16,3,21,6,3
ChIJJ9Mxd-5EqEcROWSm1Um3Rmw,2020-04-16,3,21,20,8
ChIJhyRlrQNFqEcRE6EeyuaMPR8,2020-04-16,3,21,21,10
ChIJLRs66aJFqEcRaXv8bkK6YrM,2020-04-16,3,21,19,6
ChIJ6wlsi_BDqEcRO_wFnO1w200,2020-04-16,3,21,17,24
ChIJxy_jmVdEqEcRJpLbL6JenuI,2020-04-16,3,21,10,13
ChIJu5FrJGFEqEcRUifx_q1aCO0,2020-04-16,3,21,2,0
ChIJtUZRqKhFqEcRH3ziy7SgobU,2020-04-16,3,21,2,13
ChIJB8rivPlEqEcR_TNBlcjb4Io,2020-04-16,3,21,3,11
ChIJK6_bmldEqEcRVl3svXlOiXQ,2020-04-16,3,21,16,5
ChIJ6WT1t4tEqEcRbX1c-179kXM,2020-04-16,3,21,36,10
ChIJAz2kfHxIqEcR3qG-gjTCUAk,2020-04-16,3,21,16,12
ChIJWVbXxhhPqEcR3OZE5GXI9I4,2020-04-16,3,21,51,7
ChIJy_0kqoBPqEcRLk3elzF5_bU,2020-04-16,3,21,38,11
ChIJXT0YorpPqEcROmv4dJ5H3Rs,2020-04-16,3,21,9,17
ChIJw2uEiAhPqEcRrJlIl8YLy6A,2020-04-16,3,21,30,19
ChIJcXJPCAFPqEcR81AA0ArjUsI,2020-04-16,3,21,41,7
ChIJDxxYEUZPqEcR2ONbra6fM8s,2020-04-16,3,21,8,0
ChIJaTrrpkhPqEcRkZAqv6MpfQM,2020-04-16,3,21,34,10
ChIJC3I9GK9IqEcRWtudiw5ClGQ,2020-04-16,3,21,11,8
ChIJZaGy38tIqEcR-LI3XNQRdsk,2020-04-16,3,21,21,16
ChIJveNZPK9IqEcRX-u3HmPwznQ,2020-04-16,3,21,17,34
ChIJ5QaZ9CpGqEcR-DDN8v4-aHU,2020-04-16,3,21,11,28
ChIJMzClF5hIqEcRP4PEvHNAWrE,2020-04-16,3,21,3,6
ChIJbz9HeHtIqEcR7PHkvNcC41Q,2020-04-16,3,21,21,33
ChIJrynLlKlHqEcRyhjHVI3Qj58,2020-04-16,3,21,31,12
ChIJmaqQ0r9HqEcR_AiDAcwJJkM,2020-04-16,3,21,12,2
ChIJ-YZ5iOVHqEcReN2A6KfMZGM,2020-04-16,3,21,24,8
ChIJ07uLX0NHqEcRAGJs2FJ9nyI,2020-04-16,3,21,41,7
ChIJQxfKV-NGqEcREm69fw34GKs,2020-04-16,3,21,6,46
ChIJEzG2mWhJqEcR5GfSGyVaXt0,2020-04-16,3,21,24,29
ChIJLYb4eNdIqEcRBb45OzO9ldk,2020-04-16,3,21,7,27
ChIJd13WbNdIqEcRXpwdLf5RIrs,2020-04-16,3,21,16,13
ChIJ2VvBrhxJqEcRhdlu9vrDnB4,2020-04-16,3,21,12,10
ChIJZR6bL1BJqEcRDWMaI5u0U7o,2020-04-16,3,21,18,31
ChIJ004pjuA3qEcR6zZqfrdhAD8,2020-04-16,3,21,8,18
ChIJB-BGcmtIqEcRaLuRPfQ2UIw,2020-04-16,3,21,15,12
ChIJr5_JgkJIqEcRY8Kky7BjZVc,2020-04-16,3,21,13,29
ChIJ2UCWMbowqEcRPQdQZw1xDEA,2020-04-16,3,21,4,1
ChIJWelHNKE2qEcRUzCHkasndgI,2020-04-16,3,21,21,26
ChIJl8X8Jt4xqEcREgDDpueha1Y,2020-04-16,3,21,3,0
ChIJa8zIeqQwqEcRRAJ75Al4sFI,2020-04-16,3,21,11,2
ChIJq04C_aMwqEcRABe9Sxtqz_0,2020-04-16,3,21,15,6
ChIJu2tyV2hHqEcRtFr5Hbig3vc,2020-04-16,3,21,15,4
ChIJdY9O3P04qEcRJbAnfvgKv3U,2020-04-16,3,21,8,11
ChIJxwMYs5k-qEcRyeM99WQUomk,2020-04-16,3,21,58,20
ChIJrW3PG7o4qEcRW9x6QKx5xqk,2020-04-16,3,21,4,0
ChIJ-4mL8dU4qEcRlCvwkzaZ32M,2020-04-16,3,21,11,13
