city,city_subunit,lat,lng,query,place_type,place_id,name,addr,place_lat,place_lng
Berlin,Karlshorst,52.4865796,13.5269291,Drogeriemarkt,"drugstore,health,point_of_interest,clothing_store,store,establishment",ChIJtX4NVmpJqEcRE9X0z1yUEpI,Müller,"Weißenhöher Str. 88, 12683 Berlin, Germany",52.5063189,13.5590061
Berlin,Karlshorst,52.4865796,13.5269291,Drogeriemarkt,"drugstore,health,point_of_interest,clothing_store,store,establishment",ChIJz2wQhLlPqEcRaptNsCaCcZg,Müller,"Tamara-Danz-Straße 11, 10243 Berlin, Germany",52.5064596,13.4460136
Berlin,Karlshorst,52.4865796,13.5269291,Drogeriemarkt,"drugstore,home_goods_store,liquor_store,food,health,point_of_interest,store,establishment",ChIJ8Z3gDNdIqEcROUrpwshA5-o,ROSSMANN Drogeriemarkt,"Treskowallee 112, 10318 Berlin, Germany",52.482242,13.5243314
Berlin,Karlshorst,52.4865796,13.5269291,Drogeriemarkt,"drugstore,home_goods_store,liquor_store,food,health,point_of_interest,store,establishment",ChIJVftccMlOqEcR5UFvhNJQtjU,ROSSMANN Drogeriemarkt,"Alfred-Kowalke-Straße 2-4, 10315 Berlin, Germany",52.5054639,13.515516
Berlin,Karlshorst,52.4865796,13.5269291,Drogeriemarkt,"drugstore,home_goods_store,liquor_store,food,health,point_of_interest,store,establishment",ChIJrXi9WFxOqEcRkNiORxipEU0,ROSSMANN Drogeriemarkt,"Warschauer Str. 73, 10243 Berlin, Germany",52.5121933,13.4529614
Berlin,Karlshorst,52.4865796,13.5269291,Drogeriemarkt,"drugstore,home_goods_store,liquor_store,food,health,point_of_interest,store,establishment",ChIJJSGyMrxPqEcR2-DMjgOBoHk,ROSSMANN Drogeriemarkt,"Hermannstraße 49, 12049 Berlin, Germany",52.4781725,13.4255947
Berlin,Karlshorst,52.4865796,13.5269291,Drogeriemarkt,"drugstore,home_goods_store,liquor_store,food,health,point_of_interest,store,establishment",ChIJT8zJZXJGqEcRADoKdrGDruY,ROSSMANN Drogeriemarkt,"Prierosser Str. 32, 12357 Berlin, Germany",52.4209252,13.4947493
Berlin,Karlshorst,52.4865796,13.5269291,Drogeriemarkt,"drugstore,supermarket,grocery_or_supermarket,electronics_store,home_goods_store,food,health,point_of_interest,store,establishment",ChIJI8nNkC5PqEcRWvY5szOx90Y,dm-drogerie markt,"Rummelsburger Str. 16, 12459 Berlin, Germany",52.4692807,13.5125089
Berlin,Karlshorst,52.4865796,13.5269291,Drogeriemarkt,"drugstore,supermarket,grocery_or_supermarket,electronics_store,home_goods_store,food,health,point_of_interest,store,establishment",ChIJfYVqyslOqEcRzW-iiYP3fhA,dm-drogerie markt,"Massower Str. 5, 10315 Berlin, Germany",52.5077721,13.512774
Berlin,Karlshorst,52.4865796,13.5269291,Drogeriemarkt,"drugstore,supermarket,grocery_or_supermarket,electronics_store,home_goods_store,food,health,point_of_interest,store,establishment",ChIJe88y9ypGqEcR7-Xsf6ICMFI,dm-drogerie markt,"Dörpfeldstraße 33-35, 12489 Berlin, Germany",52.4375936,13.547698
Berlin,Karlshorst,52.4865796,13.5269291,Drogeriemarkt,"drugstore,supermarket,grocery_or_supermarket,electronics_store,home_goods_store,food,health,point_of_interest,store,establishment",ChIJ7-w_7YpOqEcRvhDzcOyPZ78,dm-drogerie markt,"Rigaer Str. 67, 10247 Berlin, Germany",52.5159721,13.4686402
Berlin,Karlshorst,52.4865796,13.5269291,Drogeriemarkt,"drugstore,supermarket,grocery_or_supermarket,electronics_store,home_goods_store,food,health,point_of_interest,store,establishment",ChIJT0zfXF9JqEcRkAWLGtFAlEQ,dm-drogerie markt,"Oberfeldstraße 138, 12683 Berlin, Germany",52.5247265,13.5582407
Berlin,Karlshorst,52.4865796,13.5269291,Drogeriemarkt,"drugstore,supermarket,grocery_or_supermarket,electronics_store,home_goods_store,food,health,point_of_interest,store,establishment",ChIJ9XwxNkZPqEcR8duEIY0Ul1c,dm-drogerie markt,"Baumschulenstraße 86, 12437 Berlin, Germany",52.46526129999999,13.4860757
Berlin,Karlshorst,52.4865796,13.5269291,Drogeriemarkt,"drugstore,supermarket,grocery_or_supermarket,electronics_store,home_goods_store,food,health,point_of_interest,store,establishment",ChIJK9GxgHBOqEcRc8L4LhJi7vY,dm-drogerie markt,"Landsberger Allee 117, 10407 Berlin, Germany",52.5288656,13.4560194
Berlin,Karlshorst,52.4865796,13.5269291,Drogeriemarkt,"drugstore,supermarket,grocery_or_supermarket,electronics_store,home_goods_store,food,health,point_of_interest,store,establishment",ChIJlZOoI5hIqEcRIEEBNZCiSec,dm-drogerie markt,"Schnellerstraße 74, 12439 Berlin, Germany",52.4515014,13.5297155
Berlin,Karlshorst,52.4865796,13.5269291,Drogeriemarkt,"drugstore,supermarket,grocery_or_supermarket,electronics_store,home_goods_store,food,health,point_of_interest,store,establishment",ChIJmSrX0ZJJqEcRUwnB5f0XJ5U,dm-drogerie markt,"An der Schule 68, 12623 Berlin, Germany",52.50649079999999,13.6149293
Berlin,Karlshorst,52.4865796,13.5269291,Drogeriemarkt,"drugstore,supermarket,grocery_or_supermarket,electronics_store,home_goods_store,food,health,point_of_interest,store,establishment",ChIJa2JNqIpOqEcRV7HSjGOePVc,dm-drogerie markt,"Frankfurter Allee 57/59, 10247 Berlin, Germany",52.5148514,13.4659816
Berlin,Karlshorst,52.4865796,13.5269291,Fast food,"restaurant,food,point_of_interest,establishment",ChIJFQzaEKVIqEcRHxjNwXtsX2Y,Burger King Berlin,"Michael-Brückner-Straße 24, 12439 Berlin, Germany",52.452507,13.5149422
Berlin,Karlshorst,52.4865796,13.5269291,Fast food,"restaurant,food,point_of_interest,establishment",ChIJd-TX2UtJqEcRNqyhO4GgNy4,McDonald's,"Alt-Friedrichsfelde 61, 10315 Berlin, Germany",52.5099193,13.5315302
Berlin,Karlshorst,52.4865796,13.5269291,Fast food,"restaurant,food,point_of_interest,establishment",ChIJc-_rrBJPqEcRm8sG5UarTXw,McDonald's,"Sonnenallee 254, 12057 Berlin, Germany",52.4707898,13.4611899
Berlin,Karlshorst,52.4865796,13.5269291,Fast food,"restaurant,food,point_of_interest,establishment",ChIJScwmSRJIqEcRcV145kVtWf8,McDonald's,"Wendenschloßstraße 2, 12559 Berlin, Germany",52.4480719,13.592939
Berlin,Karlshorst,52.4865796,13.5269291,Fast food,"meal_takeaway,restaurant,food,point_of_interest,establishment",ChIJ1eLre-5FqEcR7DY7-JbKyzY,McDonald's,"Rudower Str. 100, 12351 Berlin, Germany",52.4361831,13.464757
Berlin,Karlshorst,52.4865796,13.5269291,Supermarkt,"supermarket,grocery_or_supermarket,food,point_of_interest,store,establishment",ChIJ748hRy1JqEcREoZXpihC1wQ,ALDI Berlin-Friedrichsfelde,"Sewanstraße 259, 10319 Berlin, Germany",52.4958384,13.519417
Berlin,Karlshorst,52.4865796,13.5269291,Supermarkt,"supermarket,grocery_or_supermarket,food,point_of_interest,store,establishment",ChIJvQ2hZSpJqEcRh6jwntPDF8I,EDEKA Kiezmarkt,"Marksburgstraße 14, 10318 Berlin, Germany",52.48731,13.51832
Berlin,Karlshorst,52.4865796,13.5269291,Supermarkt,"supermarket,grocery_or_supermarket,food,point_of_interest,store,establishment",ChIJLYb4eNdIqEcRBb45OzO9ldk,EDEKA Rheinsteinstraße,"Rheinsteinstraße 4-12, 10318 Berlin, Germany",52.4828578,13.5275327
Berlin,Karlshorst,52.4865796,13.5269291,Supermarkt,"supermarket,grocery_or_supermarket,food,point_of_interest,store,establishment",ChIJeaDIUNFIqEcRZpY9bG5lZr4,Netto Filiale,"Treskowallee 115, 10318 Berlin, Germany",52.4805255,13.5255951
Berlin,Karlshorst,52.4865796,13.5269291,Supermarkt,"supermarket,grocery_or_supermarket,food,point_of_interest,store,establishment",ChIJd13WbNdIqEcRXpwdLf5RIrs,PENNY,"Treskowallee 112, 10318 Berlin, Germany",52.482242,13.5243314
Berlin,Karlshorst,52.4865796,13.5269291,Supermarkt,"supermarket,grocery_or_supermarket,food,point_of_interest,store,establishment",ChIJZaGy38tIqEcR-LI3XNQRdsk,REWE,"Rummelsburger Str. 16, 12459 Berlin, Germany",52.46929979999999,13.5125068
Berlin,Karlshorst,52.4865796,13.5269291,Tankstelle,"gas_station,point_of_interest,establishment",ChIJW6zN2C1JqEcRBmoOQZnU8oM,JET Tankstelle,"Am Tierpark 126, 10319 Berlin, Germany",52.494986,13.5245631
Berlin,Karlshorst,52.4865796,13.5269291,Tankstelle,"gas_station,bakery,cafe,restaurant,food,point_of_interest,store,establishment",ChIJCwTwSilPqEcRrhHJnP7wi9c,TOTAL Tankstelle,"Blockdammweg 6, 10318 Berlin, Germany",52.4829812,13.5021131
Berlin,Wedding,52.5504827,13.3519841,Drogeriemarkt,"drugstore,health,point_of_interest,clothing_store,store,establishment",ChIJ9Uzk8H9RqEcRbcZ9qNdRODA,Müller,"Müllerstraße 30A, 13353 Berlin, Germany",52.547771,13.3574443
Berlin,Wedding,52.5504827,13.3519841,Drogeriemarkt,"drugstore,home_goods_store,liquor_store,food,health,point_of_interest,store,establishment",ChIJ6ZsYmMtTqEcRcLPbxJWxrvI,ROSSMANN Drogeriemarkt,"Residenzstraße 42, 13409 Berlin, Germany",52.5654251,13.3631001
Berlin,Wedding,52.5504827,13.3519841,Drogeriemarkt,"drugstore,home_goods_store,liquor_store,food,health,point_of_interest,store,establishment",ChIJdayMDQtRqEcR01J_AL2gAiQ,ROSSMANN Drogeriemarkt,"Turmstraße 61, 10551 Berlin, Germany",52.5271058,13.3289219
Berlin,Wedding,52.5504827,13.3519841,Drogeriemarkt,"drugstore,home_goods_store,liquor_store,food,health,point_of_interest,store,establishment",ChIJhaL7dHNPqEcRsToH37VlnJY,ROSSMANN Drogeriemarkt,"Annenstraße 49 / 50, 10179 Berlin, Germany",52.5074161,13.4148608
Berlin,Wedding,52.5504827,13.3519841,Drogeriemarkt,"drugstore,home_goods_store,liquor_store,food,health,point_of_interest,store,establishment",ChIJ6SeR4tNRqEcRQoYGURQHugI,ROSSMANN Drogeriemarkt,"Rudi-Dutschke-Straße 29, 10969 Berlin, Germany",52.5064327,13.3908271
Berlin,Wedding,52.5504827,13.3519841,Drogeriemarkt,"drugstore,home_goods_store,liquor_store,food,health,point_of_interest,store,establishment",ChIJt3MVskpQqEcRbu7s_z185SU,ROSSMANN Drogeriemarkt,"Potsdamer Straße 124-126, 10783 Berlin, Germany",52.49941690000001,13.3623482
Berlin,Wedding,52.5504827,13.3519841,Drogeriemarkt,"drugstore,home_goods_store,liquor_store,food,health,point_of_interest,store,establishment",ChIJw_KFu1VQqEcRy6pZdioQMSM,ROSSMANN Drogeriemarkt,"Tauentzienstraße 8, 10789 Berlin, Germany",52.50365499999999,13.3386734
Berlin,Wedding,52.5504827,13.3519841,Drogeriemarkt,"drugstore,home_goods_store,liquor_store,food,health,point_of_interest,store,establishment",ChIJYX750V1SqEcRmtcOr9-J42E,ROSSMANN Drogeriemarkt,"Hermann-Hesse-Straße 8, 13156 Berlin, Germany",52.5809454,13.4021785
Berlin,Wedding,52.5504827,13.3519841,Drogeriemarkt,"drugstore,home_goods_store,liquor_store,food,health,point_of_interest,store,establishment",ChIJrdHCL95QqEcR9MGjgdkQF78,ROSSMANN Drogeriemarkt,"Wilmersdorfer Str. 117, 10627 Berlin, Germany",52.5077284,13.3065938
Berlin,Wedding,52.5504827,13.3519841,Drogeriemarkt,"drugstore,home_goods_store,liquor_store,food,health,point_of_interest,store,establishment",ChIJ2-EQc-1QqEcRSbAxRjdstDA,ROSSMANN Drogeriemarkt,"Fehrbelliner Platz 5, 10707 Berlin, Germany",52.49050519999999,13.3125489
Berlin,Wedding,52.5504827,13.3519841,Drogeriemarkt,"drugstore,home_goods_store,liquor_store,food,health,point_of_interest,store,establishment",ChIJzXOJmidXqEcRD1H8fGToPXU,ROSSMANN Drogeriemarkt,"Reichsstraße 85, 14052 Berlin, Germany",52.51522970000001,13.262009
Berlin,Wedding,52.5504827,13.3519841,Drogeriemarkt,"drugstore,home_goods_store,liquor_store,food,health,point_of_interest,store,establishment",ChIJG-MsIdhPqEcR84fOu2G3mRg,ROSSMANN Drogeriemarkt,"Zossener Str. 29, 10961 Berlin, Germany",52.4897394,13.3942122
Berlin,Wedding,52.5504827,13.3519841,Drogeriemarkt,"drugstore,home_goods_store,liquor_store,food,health,point_of_interest,store,establishment",ChIJKT5iW51UqEcRtE7Cprd-Oug,ROSSMANN Drogeriemarkt,"Oraniendamm 6-10, 13469 Berlin, Germany",52.6074596,13.325573
Berlin,Wedding,52.5504827,13.3519841,Drogeriemarkt,"drugstore,home_goods_store,liquor_store,food,health,point_of_interest,store,establishment",ChIJbRifv9pRqEcR86puO4gjFpU,Rossmann,"Friedrichstraße 141a / 142, 10117 Berlin, Germany",52.5207393,13.3879153
Berlin,Wedding,52.5504827,13.3519841,Drogeriemarkt,"drugstore,supermarket,grocery_or_supermarket,electronics_store,home_goods_store,food,health,point_of_interest,store,establishment",ChIJ1_ttSoBRqEcR4RgreyYTPoM,dm-drogerie markt,"Müllerstraße 153a-154, 13353 Berlin, Germany",52.5458443,13.3596581
Berlin,Wedding,52.5504827,13.3519841,Drogeriemarkt,"drugstore,supermarket,grocery_or_supermarket,electronics_store,home_goods_store,food,health,point_of_interest,store,establishment",ChIJP_Zc5CNSqEcRJK4QGsERHbw,dm-drogerie markt,"Badstraße 16, 13357 Berlin, Germany",52.5514553,13.3844376
Berlin,Wedding,52.5504827,13.3519841,Drogeriemarkt,"drugstore,supermarket,grocery_or_supermarket,electronics_store,home_goods_store,food,health,point_of_interest,store,establishment",ChIJ7zVsd1pRqEcRA77JruwF1wo,dm-drogerie markt,"Stromstraße 14, 10551 Berlin, Germany",52.5264783,13.3437672
Berlin,Wedding,52.5504827,13.3519841,Drogeriemarkt,"drugstore,supermarket,grocery_or_supermarket,electronics_store,home_goods_store,food,health,point_of_interest,store,establishment",ChIJaT4QouBRqEcRyoOtrYWPnT0,dm-drogerie markt,"Henriette-Herz-Platz 4, 10178 Berlin, Germany",52.5222855,13.4028304
Berlin,Wedding,52.5504827,13.3519841,Drogeriemarkt,"drugstore,supermarket,grocery_or_supermarket,electronics_store,home_goods_store,food,health,point_of_interest,store,establishment",ChIJ_yhicgtRqEcRWJPBh4_Txps,dm-drogerie markt,"Turmstraße 29, 10551 Berlin, Germany",52.5266087,13.3419837
Berlin,Wedding,52.5504827,13.3519841,Drogeriemarkt,"drugstore,supermarket,grocery_or_supermarket,electronics_store,home_goods_store,food,health,point_of_interest,store,establishment",ChIJFasUWuxRqEcRVZnBjQUPjfo,dm-drogerie markt,"Invalidenstraße 119, 10115 Berlin, Germany",52.5309503,13.3851685
Berlin,Wedding,52.5504827,13.3519841,Drogeriemarkt,"drugstore,supermarket,grocery_or_supermarket,electronics_store,home_goods_store,food,health,point_of_interest,store,establishment",ChIJ_SLuXdBRqEcR4W3icGC0UOQ,dm-drogerie markt,"Friedrichstraße 191, 10117 Berlin, Germany",52.510782,13.3895713
Berlin,Wedding,52.5504827,13.3519841,Drogeriemarkt,"drugstore,supermarket,grocery_or_supermarket,electronics_store,home_goods_store,food,health,point_of_interest,store,establishment",ChIJUb6Cd_tQqEcRdE0FLnTms7Y,dm-drogerie markt,"Kurfürstendamm 34, 10719 Berlin, Germany",52.5026483,13.3241298
Berlin,Wedding,52.5504827,13.3519841,Drogeriemarkt,"drugstore,supermarket,grocery_or_supermarket,electronics_store,home_goods_store,food,health,point_of_interest,store,establishment",ChIJmedYu21SqEcRJ2lVFm3iZzk,dm-drogerie markt,"Garbatypl. 2, 13187 Berlin, Germany",52.56744459999999,13.4113517
Berlin,Wedding,52.5504827,13.3519841,Drogeriemarkt,"drugstore,supermarket,grocery_or_supermarket,electronics_store,home_goods_store,food,health,point_of_interest,store,establishment",ChIJdayMDQtRqEcRA2qB2KyvQME,dm-drogerie markt,"Turmstraße 59, 10551 Berlin, Germany",52.527657,13.3295208
Berlin,Wedding,52.5504827,13.3519841,Drogeriemarkt,"drugstore,supermarket,grocery_or_supermarket,electronics_store,home_goods_store,food,health,point_of_interest,store,establishment",ChIJEV16lt9QqEcR--Ow5k4lrAw,dm-drogerie markt,"Wilmersdorfer Str. 126/127, 10627 Berlin, Germany",52.5098184,13.3061206
Berlin,Wedding,52.5504827,13.3519841,Drogeriemarkt,"drugstore,supermarket,grocery_or_supermarket,electronics_store,home_goods_store,food,health,point_of_interest,store,establishment",ChIJEV16lt9QqEcRN0xYjygb3Tg,dm-drogerie markt,"Wilmersdorfer Str. 66a, 10627 Berlin, Germany",52.5061251,13.3065619
Berlin,Wedding,52.5504827,13.3519841,Drogeriemarkt,"drugstore,supermarket,grocery_or_supermarket,electronics_store,home_goods_store,food,health,point_of_interest,store,establishment",ChIJoVkhWuxTqEcRNGhFXho49Yc,dm-drogerie markt,"Ollenhauerstraße 105b, 13403 Berlin, Germany",52.5705924,13.3291083
Berlin,Wedding,52.5504827,13.3519841,Fast food,"restaurant,food,point_of_interest,establishment",ChIJF_aepFBRqEcR9K3khjZb2BI,Burger King,"Saatwinkler Damm 61-64, 13627 Berlin, Germany",52.54735600000001,13.310526
Berlin,Wedding,52.5504827,13.3519841,Fast food,"restaurant,food,point_of_interest,establishment",ChIJIY8h2eVTqEcRZLF2YE8SfIc,Kentucky Fried Chicken,"Kurt-Schumacher-Damm 25, 13405 Berlin, Germany",52.561264,13.326869
Berlin,Wedding,52.5504827,13.3519841,Fast food,"restaurant,food,point_of_interest,establishment",ChIJt97xxeVTqEcRxKpBXbMuzqY,McDonald's,"Kurt-Schumacher-Damm 38, 13405 Berlin, Germany",52.5612326,13.3231417
Berlin,Wedding,52.5504827,13.3519841,Fast food,"restaurant,food,point_of_interest,establishment",ChIJ14itMs1TqEcRo82NaiyCrh4,McDonald´s,"Markstraße 16, 13409 Berlin, Germany",52.56054750000001,13.3636894
Berlin,Wedding,52.5504827,13.3519841,Fast food,"restaurant,food,point_of_interest,establishment",ChIJJTrAdP9RqEcRFZCHzSjrgLo,RISA Chicken,"Schönhauser Allee 45, 10435 Berlin, Germany",52.5408573,13.4125605
Berlin,Wedding,52.5504827,13.3519841,Fast food,"restaurant,food,point_of_interest,establishment",ChIJsfzV9n9RqEcR5WL5JBt9S68,مطعم الدجاج Risa Chicken,"Müllerstraße 30, 13353 Berlin, Germany",52.54759079999999,13.3574824
Berlin,Wedding,52.5504827,13.3519841,Supermarkt,"supermarket,grocery_or_supermarket,food,point_of_interest,store,establishment",ChIJnzsLNYNRqEcRs2yPhgzaI8A,ALDI Berlin-Moabit,"Friedrich-Krause-Ufer 37 - 38, 13353 Berlin, Germany",52.5376445,13.3569289
Berlin,Wedding,52.5504827,13.3519841,Supermarkt,"supermarket,grocery_or_supermarket,food,point_of_interest,store,establishment",ChIJ_3BYqTRSqEcRbH0dQ3b9h_0,ALDI Berlin-Reinickendorf,"Pankower Allee 17-19, 13409 Berlin, Germany",52.5641845,13.3667672
Berlin,Wedding,52.5504827,13.3519841,Supermarkt,"supermarket,grocery_or_supermarket,food,point_of_interest,store,establishment",ChIJV4zzftVTqEcRn7r7BeKWfdM,Bolu,"Müllerstraße 35, 13353 Berlin, Germany",52.5489769,13.3551361
Berlin,Wedding,52.5504827,13.3519841,Supermarkt,"supermarket,grocery_or_supermarket,food,point_of_interest,store,establishment",ChIJFQRno4dRqEcRAM9ENuLmI4I,Bolu,"Reinickendorfer Str. 108, 13347 Berlin, Germany",52.5453878,13.3691171
Berlin,Wedding,52.5504827,13.3519841,Supermarkt,"supermarket,grocery_or_supermarket,food,point_of_interest,store,establishment",ChIJLVerOcpTqEcRhzvAVlSi1V4,Bolu,"Residenzstraße 31, 13409 Berlin, Germany",52.5678559,13.3619016
Berlin,Wedding,52.5504827,13.3519841,Supermarkt,"supermarket,grocery_or_supermarket,food,point_of_interest,store,establishment",ChIJX3zVB9dTqEcRxgS7v4lhFig,EDEKA Fromm,"Müllerstraße 127, 13349 Berlin, Germany",52.5526436,13.3475541
Berlin,Wedding,52.5504827,13.3519841,Supermarkt,"supermarket,grocery_or_supermarket,food,point_of_interest,store,establishment",ChIJXymkzzJSqEcRollqEWEifX0,EDEKA Lindenberg,"Markstraße 32-34, 13409 Berlin, Germany",52.56078600000001,13.3658304
Berlin,Wedding,52.5504827,13.3519841,Supermarkt,"supermarket,grocery_or_supermarket,food,point_of_interest,store,establishment",ChIJvUhom8RTqEcR3pebbJTuDKo,EDEKA Peth,"Holländerstraße 70, 13407 Berlin, Germany",52.5630343,13.3430162
Berlin,Wedding,52.5504827,13.3519841,Supermarkt,"supermarket,grocery_or_supermarket,food,point_of_interest,store,establishment",ChIJyd5iS8pTqEcRNF7lFkeZ9aQ,EDEKA Residenzstraße,"Residenzstraße 34, 13409 Berlin, Germany",52.5670852,13.3621322
Berlin,Wedding,52.5504827,13.3519841,Supermarkt,"supermarket,grocery_or_supermarket,food,point_of_interest,store,establishment",ChIJV16OSJNRqEcRpJUFdhOKHHQ,EDEKA Sapphire,"Chausseestraße 43, 10115 Berlin, Germany",52.5341895,13.3788828
Berlin,Wedding,52.5504827,13.3519841,Supermarkt,"supermarket,grocery_or_supermarket,food,point_of_interest,store,establishment",ChIJ3VpndIJRqEcRgTMWE1jdkcE,EDEKA Schatz,"Sprengelstraße 37, 13353 Berlin, Germany",52.5415643,13.3555916
Berlin,Wedding,52.5504827,13.3519841,Supermarkt,"supermarket,grocery_or_supermarket,food,point_of_interest,store,establishment",ChIJdUYr2XJRqEcRW-O-peJOxh8,EDEKA Vaupel,"Wiclefstraße 60-62, 10551 Berlin, Germany",52.53013,13.3372101
Berlin,Wedding,52.5504827,13.3519841,Supermarkt,"supermarket,grocery_or_supermarket,food,point_of_interest,store,establishment",ChIJ67bm3X9RqEcRkmlTJ4dtSrI,Eurogida,"Müllerstraße 33, 13353 Berlin, Germany",52.5481703,13.3564688
Berlin,Wedding,52.5504827,13.3519841,Supermarkt,"supermarket,grocery_or_supermarket,food,point_of_interest,store,establishment",ChIJhd-ZeSFSqEcRIWLSchbdNWw,Eurogida Badstraße,"Badstraße 9, 13357 Berlin, Germany",52.5501546,13.385974
Berlin,Wedding,52.5504827,13.3519841,Supermarkt,"supermarket,grocery_or_supermarket,food,point_of_interest,store,establishment",ChIJ_VI_DA1RqEcRFZdwPlVgPDs,Eurogida Moabit,"Turmstraße 43, 10551 Berlin, Germany",52.527054,13.3347751
Berlin,Wedding,52.5504827,13.3519841,Supermarkt,"supermarket,grocery_or_supermarket,food,point_of_interest,store,establishment",ChIJbxwFKGZRqEcRdn7lr6G238E,Kaufland Berlin-Moabit,"Perleberger Str. 42 A, 10559 Berlin, Germany",52.5284556,13.3438972
Berlin,Wedding,52.5504827,13.3519841,Supermarkt,"supermarket,grocery_or_supermarket,food,point_of_interest,store,establishment",ChIJlZaUb9dTqEcR-VRnQ-lxMRU,Kaufland Berlin-Wedding,"Müllerstraße 123-125, 13349 Berlin, Germany",52.5533483,13.3462273
Berlin,Wedding,52.5504827,13.3519841,Supermarkt,"supermarket,grocery_or_supermarket,food,point_of_interest,store,establishment",ChIJwUx4jhROqEcRFtwMHSdmp9Q,Lidl,"Müllerstraße 48/48a, 13349 Berlin, Germany",52.5524606,13.3501451
Berlin,Wedding,52.5504827,13.3519841,Supermarkt,"supermarket,grocery_or_supermarket,food,point_of_interest,store,establishment",ChIJbfOwoylSqEcRx7tfyLI4sCg,Lidl,"Reinickendorfer Str. 41, 13347 Berlin, Germany",52.5493923,13.36935
Berlin,Wedding,52.5504827,13.3519841,Supermarkt,"supermarket,grocery_or_supermarket,food,point_of_interest,store,establishment",ChIJ_8ugpsZTqEcRKXXecyv9IcU,Netto Deutschland - schwarz-gelber Discounter mit dem Scottie,"Gotthardstraße 27, 13407 Berlin, Germany",52.5666181,13.3460611
Berlin,Wedding,52.5504827,13.3519841,Supermarkt,"supermarket,grocery_or_supermarket,food,point_of_interest,store,establishment",ChIJI4B4qyxSqEcRZNnnHhCAWyE,Netto Filiale,"Gerichtstraße 60-61, 13347 Berlin, Germany",52.5442621,13.3712002
Berlin,Wedding,52.5504827,13.3519841,Supermarkt,"supermarket,grocery_or_supermarket,food,point_of_interest,store,establishment",ChIJ1VqxZ8tTqEcRSBaHoR6RL4s,Netto Filiale,"Residenzstraße 112, 13407 Berlin, Germany",52.5645547,13.3645765
Berlin,Wedding,52.5504827,13.3519841,Supermarkt,"supermarket,grocery_or_supermarket,food,point_of_interest,store,establishment",ChIJ1VqxZ8tTqEcRHbCBz6Liufc,Netto Filiale,"Emmentaler Str. 12, 13407 Berlin, Germany",52.56764769999999,13.3531489
Berlin,Wedding,52.5504827,13.3519841,Supermarkt,"supermarket,grocery_or_supermarket,food,point_of_interest,store,establishment",ChIJia1T6tVTqEcR-MAjgIKxpM4,PENNY,"Müllerstraße 40, 13353 Berlin, Germany",52.5500878,13.3532818
Berlin,Wedding,52.5504827,13.3519841,Supermarkt,"supermarket,grocery_or_supermarket,food,point_of_interest,store,establishment",ChIJzw4vnSlSqEcRQcb2UV-VqZY,PENNY,"Reinickendorfer Str. 83, 13347 Berlin, Germany",52.5496989,13.368009
Berlin,Wedding,52.5504827,13.3519841,Supermarkt,"supermarket,grocery_or_supermarket,food,point_of_interest,store,establishment",ChIJwcCXNohRqEcR9x76jHSagkk,REWE,"Müllerstraße 141, 13353 Berlin, Germany",52.5488399,13.353878
Berlin,Wedding,52.5504827,13.3519841,Supermarkt,"supermarket,grocery_or_supermarket,food,point_of_interest,store,establishment",ChIJRbgMrLVTqEcRB48mK3kHSjg,REWE,"Emmentaler Str. 122-130, 13409 Berlin, Germany",52.57183300000001,13.3657853
Berlin,Wedding,52.5504827,13.3519841,Supermarkt,"supermarket,grocery_or_supermarket,food,point_of_interest,store,establishment",ChIJs_qmBiRSqEcRuOJciveXgds,REWE,"Badstraße 57-58, 13357 Berlin, Germany",52.5514448,13.3827182
Berlin,Wedding,52.5504827,13.3519841,Supermarkt,"supermarket,grocery_or_supermarket,food,point_of_interest,store,establishment",ChIJ3bdyWNZTqEcRu_JE9VxMJoI,real,"Müllerstraße 47, 13349 Berlin, Germany",52.5517782,13.3502159
Berlin,Wedding,52.5504827,13.3519841,Tankstelle,"gas_station,car_wash,car_rental,convenience_store,food,point_of_interest,store,establishment",ChIJAZp7-nxRqEcRGQlcF2wsxig,Aral,"Seestraße 18-19, 13353 Berlin, Germany",52.5464318,13.3454334
Berlin,Wedding,52.5504827,13.3519841,Tankstelle,"gas_station,car_wash,car_rental,convenience_store,restaurant,food,point_of_interest,store,establishment",ChIJWwtcPMpTqEcR0TQXF-Vp4Eo,Aral,"Residenzstraße 29, 13409 Berlin, Germany",52.5682072,13.361708
Berlin,Wedding,52.5504827,13.3519841,Tankstelle,"gas_station,point_of_interest,establishment",ChIJfZpzv1BRqEcRPPWYUsLlRa0,HEM Tankstelle,"Saatwinkler Damm 62, 13627 Berlin, Germany",52.5475429,13.3096162
Berlin,Wedding,52.5504827,13.3519841,Tankstelle,"gas_station,point_of_interest,establishment",ChIJTdF7l-VTqEcRkGX0zW8IieM,JET Tankstelle,"Kurt-Schumacher-Damm 36, 13405 Berlin, Germany",52.56115759999999,13.3242596
Berlin,Wedding,52.5504827,13.3519841,Tankstelle,"gas_station,bakery,cafe,restaurant,food,point_of_interest,store,establishment",ChIJ53t6cI5RqEcRdhO7sM7SjhQ,TOTAL Tankstelle,"Chausseestraße 61, 10115 Berlin, Germany",52.5373551,13.3753203
Berlin,Wedding,52.5504827,13.3519841,Tankstelle,"gas_station,bakery,cafe,restaurant,food,point_of_interest,store,establishment",ChIJKZHkippRqEcRkqiQOvsuYDg,TOTAL Tankstelle,"Heidestraße 18, 10557 Berlin, Germany",52.5342609,13.3652578
Berlin,Wedding,52.5504827,13.3519841,Tankstelle,"gas_station,point_of_interest,establishment",ChIJ2xPeMXZRqEcRBDgvTzz9jJU,Westfehling,"Quitzowstraße 33, 10559 Berlin, Germany",52.5353676,13.3503131
Frankfurt am Main,Innenstadt III,50.131237899999995,8.6937884,Drogeriemarkt,"drugstore,book_store,health,point_of_interest,clothing_store,store,establishment",ChIJn4CMuuYPvUcRfPKCcPdTpwQ,Müller,"Berger Str. 125-129, 60385 Frankfurt am Main, Germany",50.1238933,8.7028762
Frankfurt am Main,Innenstadt III,50.131237899999995,8.6937884,Drogeriemarkt,"drugstore,health,point_of_interest,clothing_store,store,establishment",ChIJOXR9whwMvUcRy8-CAt9Kyxk,Müller,"Schweizer Str. 33-35, 60594 Frankfurt am Main, Germany",50.1030156,8.680121399999999
Frankfurt am Main,Innenstadt III,50.131237899999995,8.6937884,Drogeriemarkt,"drugstore,home_goods_store,liquor_store,food,health,point_of_interest,store,establishment",ChIJ31Bw3q4OvUcR4QVmqFfbV_o,ROSSMANN Drogeriemarkt,"Roßmarkt 10, 60311 Frankfurt am Main, Germany",50.1129008,8.677686099999999
Frankfurt am Main,Innenstadt III,50.131237899999995,8.6937884,Drogeriemarkt,"drugstore,home_goods_store,liquor_store,food,health,point_of_interest,store,establishment",ChIJ92APYaMOvUcRcg1l2X-EkLU,ROSSMANN Drogeriemarkt,"Zeil 41, 60313 Frankfurt am Main, Germany",50.1146267,8.6889124
Frankfurt am Main,Innenstadt III,50.131237899999995,8.6937884,Drogeriemarkt,"drugstore,home_goods_store,liquor_store,food,health,point_of_interest,store,establishment",ChIJAQAAQAAMvUcRUSwxL51qv9g,ROSSMANN Drogeriemarkt,"Kaiserstraße 58, 60329 Frankfurt am Main, Germany",50.1084695,8.6677211
Frankfurt am Main,Innenstadt III,50.131237899999995,8.6937884,Drogeriemarkt,"drugstore,home_goods_store,liquor_store,food,health,point_of_interest,store,establishment",ChIJKZrvbTIJvUcRs_VW0BxDzTQ,ROSSMANN Drogeriemarkt,"Eschersheimer Landstraße 230, 60320 Frankfurt am Main, Germany",50.1373664,8.6712141
Frankfurt am Main,Innenstadt III,50.131237899999995,8.6937884,Drogeriemarkt,"drugstore,home_goods_store,liquor_store,food,health,point_of_interest,store,establishment",ChIJjSGVotUOvUcR9F6cwifo0Bg,ROSSMANN Drogeriemarkt,"Eckenheimer Landstraße 425, 60435 Frankfurt am Main, Germany",50.14635,8.68216
Frankfurt am Main,Innenstadt III,50.131237899999995,8.6937884,Drogeriemarkt,"drugstore,home_goods_store,liquor_store,food,health,point_of_interest,store,establishment",ChIJbcf5HfkIvUcRqcHPXU9zo3U,ROSSMANN Drogeriemarkt,"Limescorso 8, 60439 Frankfurt am Main, Germany",50.1567955,8.6332091
Frankfurt am Main,Innenstadt III,50.131237899999995,8.6937884,Drogeriemarkt,"drugstore,home_goods_store,liquor_store,food,health,point_of_interest,store,establishment",ChIJI2_gp90LvUcRYXArV3ifk7Y,ROSSMANN Drogeriemarkt,"Mainzer Landstraße 341, 60326 Frankfurt am Main, Germany",50.101844,8.636150299999999
Frankfurt am Main,Innenstadt III,50.131237899999995,8.6937884,Drogeriemarkt,"drugstore,supermarket,grocery_or_supermarket,electronics_store,home_goods_store,food,health,point_of_interest,store,establishment",ChIJ17RksijHl0cR4PHet2jHLtk,dm-drogerie markt,"Eschersheimer Landstraße 178-182, 60320 Frankfurt am Main, Germany",50.1336594,8.6723571
Frankfurt am Main,Innenstadt III,50.131237899999995,8.6937884,Drogeriemarkt,"drugstore,supermarket,grocery_or_supermarket,electronics_store,home_goods_store,food,health,point_of_interest,store,establishment",ChIJmWjNqJUOvUcRUsNmv8T48aU,dm-drogerie markt,"Berger Str. 93-95, 60316 Frankfurt am Main, Germany",50.1226418,8.7003489
Frankfurt am Main,Innenstadt III,50.131237899999995,8.6937884,Drogeriemarkt,"drugstore,supermarket,grocery_or_supermarket,electronics_store,home_goods_store,food,health,point_of_interest,store,establishment",ChIJP_Xot-wOvUcR-dSw-xUxv7I,dm-drogerie markt,"Berger Str. 183, 60385 Frankfurt am Main, Germany",50.1256673,8.7066648
Frankfurt am Main,Innenstadt III,50.131237899999995,8.6937884,Drogeriemarkt,"drugstore,supermarket,grocery_or_supermarket,electronics_store,home_goods_store,food,health,point_of_interest,store,establishment",ChIJs-NKmaQOvUcRbbhOYjE20lE,dm-drogerie markt,"Zeil 47-49, 60313 Frankfurt am Main, Germany",50.11446919999999,8.688177699999999
Frankfurt am Main,Innenstadt III,50.131237899999995,8.6937884,Drogeriemarkt,"drugstore,supermarket,grocery_or_supermarket,electronics_store,home_goods_store,food,health,point_of_interest,store,establishment",ChIJF_W9P6MOvUcRrguRzyfBAXE,dm-drogerie markt,"Zeil 123, 60313 Frankfurt am Main, Germany",50.1136008,8.6802004
Frankfurt am Main,Innenstadt III,50.131237899999995,8.6937884,Drogeriemarkt,"drugstore,supermarket,grocery_or_supermarket,electronics_store,home_goods_store,food,health,point_of_interest,store,establishment",ChIJg_3oW0IJvUcR9BT7lVrqfo8,dm-drogerie markt,"Leipziger Str. 28, 60487 Frankfurt am Main, Germany",50.1214766,8.648175
Frankfurt am Main,Innenstadt III,50.131237899999995,8.6937884,Drogeriemarkt,"drugstore,supermarket,grocery_or_supermarket,electronics_store,home_goods_store,food,health,point_of_interest,store,establishment",ChIJ4_nUmhwMvUcREmYOR5uE3Qw,dm-drogerie markt,"Schweizer Str. 62, 60594 Frankfurt am Main, Germany",50.1016108,8.6801642
Frankfurt am Main,Innenstadt III,50.131237899999995,8.6937884,Drogeriemarkt,"drugstore,supermarket,grocery_or_supermarket,electronics_store,home_goods_store,food,health,point_of_interest,store,establishment",ChIJBfZq_dYLvUcRzB94XecGQX0,dm-drogerie markt,"Europa-Allee 130, 60486 Frankfurt am Main, Germany",50.1080607,8.626444099999999
Frankfurt am Main,Innenstadt III,50.131237899999995,8.6937884,Drogeriemarkt,"drugstore,supermarket,grocery_or_supermarket,electronics_store,home_goods_store,food,health,point_of_interest,store,establishment",ChIJUaUlVFUJvUcRMbhptK6d0BI,dm-drogerie markt,"Kaiserstraße 75, 60329 Frankfurt am Main, Germany",50.1075803,8.6662591
Frankfurt am Main,Innenstadt III,50.131237899999995,8.6937884,Drogeriemarkt,"drugstore,supermarket,grocery_or_supermarket,electronics_store,home_goods_store,food,health,point_of_interest,store,establishment",ChIJg_3oW0IJvUcRBAs_VWMerEQ,dm-drogerie markt,"Leipziger Str. 41-43, 60487 Frankfurt am Main, Germany",50.1222736,8.6463486
Frankfurt am Main,Innenstadt III,50.131237899999995,8.6937884,Drogeriemarkt,"drugstore,supermarket,grocery_or_supermarket,electronics_store,home_goods_store,food,health,point_of_interest,store,establishment",ChIJp9hf_-0JvUcRiQYq7yI3fCk,dm-drogerie markt,"Westerbachstraße 152, 65936 Frankfurt am Main, Germany",50.123968,8.585913999999999
Frankfurt am Main,Innenstadt III,50.131237899999995,8.6937884,Drogeriemarkt,"drugstore,supermarket,grocery_or_supermarket,electronics_store,home_goods_store,food,health,point_of_interest,store,establishment",ChIJOUEs3bIPvUcRSUjKPFOwyg0,dm-drogerie markt,"Victor-Slotosch-Straße 14, 60388 Frankfurt am Main, Germany",50.1449817,8.748778399999999
Frankfurt am Main,Innenstadt III,50.131237899999995,8.6937884,Drogeriemarkt,"drugstore,supermarket,grocery_or_supermarket,electronics_store,home_goods_store,food,health,point_of_interest,store,establishment",ChIJTSwzb6kOvUcRMvHUcreBrj4,dm-drug store market,"Kaiserstraße 11, 60311 Frankfurt am Main, Germany",50.1109945,8.676071499999999
Frankfurt am Main,Innenstadt III,50.131237899999995,8.6937884,Fast food,"restaurant,food,point_of_interest,establishment",ChIJ507EZq8OvUcR2PriZSG_GlY,Burger King Frankfurt,"Liebfrauenstraße 3, 60313 Frankfurt am Main, Germany",50.1131811,8.6806694
Frankfurt am Main,Innenstadt III,50.131237899999995,8.6937884,Fast food,"restaurant,food,point_of_interest,establishment",ChIJ02KY-a4OvUcRGKv2BDwPst4,Kentucky Fried Chicken,"Hauptwache B-Ebene, 60313 Frankfurt am Main, Germany",50.1134773,8.679072
Frankfurt am Main,Innenstadt III,50.131237899999995,8.6937884,Fast food,"restaurant,food,point_of_interest,establishment",ChIJSccC6KQOvUcRXJf319uFTJQ,McDonald's,"Friedberger Landstraße 291, 60389 Frankfurt am Main, Germany",50.1376891,8.6970662
Frankfurt am Main,Innenstadt III,50.131237899999995,8.6937884,Fast food,"restaurant,food,point_of_interest,establishment",ChIJWwhlga4OvUcRhvUuE9mtvLI,McDonald's,"Große Friedberger Str. 3-5, 60313 Frankfurt am Main, Germany",50.1149523,8.6862021
Frankfurt am Main,Innenstadt III,50.131237899999995,8.6937884,Supermarkt,"supermarket,grocery_or_supermarket,food,point_of_interest,store,establishment",ChIJo8Vk9scOvUcRYq8Qedw0OOY,ALDI SÜD,"Glauburgstraße 49, 60318 Frankfurt am Main, Germany",50.1264688,8.686090499999999
Frankfurt am Main,Innenstadt III,50.131237899999995,8.6937884,Supermarkt,"supermarket,grocery_or_supermarket,food,point_of_interest,store,establishment",ChIJ-fkMadwOvUcRCiirbxlpyME,ALDI SÜD,"Friedberger Landstraße 295, 60389 Frankfurt am Main, Germany",50.138496,8.6973919
Frankfurt am Main,Innenstadt III,50.131237899999995,8.6937884,Supermarkt,"supermarket,grocery_or_supermarket,food,point_of_interest,store,establishment",ChIJYVLgVZMOvUcRPtZpzECCzyg,Aldi Süd,"Berger Str. 159, 60385 Frankfurt am Main, Germany",50.1249625,8.705102
Frankfurt am Main,Innenstadt III,50.131237899999995,8.6937884,Supermarkt,"supermarket,grocery_or_supermarket,food,point_of_interest,store,establishment",ChIJbeNwdaMOvUcRbz4EuqIJ1wU,Bereket GmbH,"Allerheiligenstraße 17, 60313 Frankfurt am Main, Germany",50.11350789999999,8.6897247
Frankfurt am Main,Innenstadt III,50.131237899999995,8.6937884,Supermarkt,"supermarket,grocery_or_supermarket,food,point_of_interest,store,establishment",ChIJQ5oyBrEOvUcRhjNaUv8hbg4,REWE,"Oeder Weg 17-19, 60318 Frankfurt am Main, Germany",50.11961729999999,8.679432799999999
Frankfurt am Main,Innenstadt III,50.131237899999995,8.6937884,Supermarkt,"supermarket,grocery_or_supermarket,food,point_of_interest,store,establishment",ChIJw0T7eDMJvUcRJrBoZAkim5I,REWE,"Eschersheimer Landstraße 221, 60320 Frankfurt am Main, Germany",50.13369710000001,8.6712192
Frankfurt am Main,Innenstadt III,50.131237899999995,8.6937884,Supermarkt,"supermarket,grocery_or_supermarket,food,point_of_interest,store,establishment",ChIJed_cn7MOvUcRl0bmRz8gs1Q,REWE,"Grüneburgweg 12, 60322 Frankfurt am Main, Germany",50.12107169999999,8.6738626
Frankfurt am Main,Innenstadt III,50.131237899999995,8.6937884,Supermarkt,"supermarket,grocery_or_supermarket,food,point_of_interest,store,establishment",ChIJZWzwv5UOvUcR7Utmh7wfvBM,REWE,"Berger Str. 96, 60316 Frankfurt am Main, Germany",50.1218604,8.6993784
Frankfurt am Main,Innenstadt III,50.131237899999995,8.6937884,Supermarkt,"supermarket,grocery_or_supermarket,food,point_of_interest,store,establishment",ChIJQZX5bMEOvUcRtuw9Nz3Ii7U,REWE,"Hallgartenstraße 58, 60389 Frankfurt am Main, Germany",50.1299895,8.695270899999999
Frankfurt am Main,Innenstadt III,50.131237899999995,8.6937884,Supermarkt,"supermarket,grocery_or_supermarket,food,point_of_interest,store,establishment",ChIJY6B4ArgOvUcRuh2LuM6ZX54,REWE,"Eckenheimer Landstraße 97-99, 60318 Frankfurt am Main, Germany",50.1260779,8.685646
Frankfurt am Main,Innenstadt III,50.131237899999995,8.6937884,Supermarkt,"supermarket,grocery_or_supermarket,food,point_of_interest,store,establishment",ChIJ08EgVZMOvUcRyhQNuujwkPw,REWE,"Berger Str. 161, 60385 Frankfurt am Main, Germany",50.1249929,8.7052684
Frankfurt am Main,Innenstadt III,50.131237899999995,8.6937884,Supermarkt,"supermarket,grocery_or_supermarket,food,point_of_interest,store,establishment",ChIJqfK8z5YOvUcRNBVkcG1VRbw,REWE,"Wittelsbacherallee 16-26, 60316 Frankfurt am Main, Germany",50.1185317,8.702264999999999
Frankfurt am Main,Innenstadt III,50.131237899999995,8.6937884,Supermarkt,"supermarket,grocery_or_supermarket,food,point_of_interest,store,establishment",ChIJsa6CVtUIvUcRvVVbPu8Frp8,REWE,"Karl-von-Drais-Straße 13, 60435 Frankfurt am Main, Germany",50.1483237,8.678679299999999
Frankfurt am Main,Innenstadt III,50.131237899999995,8.6937884,Supermarkt,"supermarket,grocery_or_supermarket,food,point_of_interest,store,establishment",ChIJ5TCLAE4JvUcRFfU7pWoXItE,REWE,"Bockenheimer Landstraße 64, 60323 Frankfurt am Main, Germany",50.1185672,8.6625681
Frankfurt am Main,Innenstadt III,50.131237899999995,8.6937884,Supermarkt,"supermarket,grocery_or_supermarket,food,point_of_interest,store,establishment",ChIJiUY_dFUJvUcR29ksQIIMVWo,REWE,"Karlstraße 4-6, 60329 Frankfurt am Main, Germany",50.10872020000001,8.6639003
Frankfurt am Main,Innenstadt III,50.131237899999995,8.6937884,Supermarkt,"supermarket,grocery_or_supermarket,food,point_of_interest,store,establishment",ChIJowuoqVEJvUcR7sTJ-V2AH34,REWE,"Arndtstraße 22, 60325 Frankfurt am Main, Germany",50.1156981,8.6598166
Frankfurt am Main,Innenstadt III,50.131237899999995,8.6937884,Supermarkt,"supermarket,grocery_or_supermarket,food,point_of_interest,store,establishment",ChIJSb6_XuwOvUcRCEdUHHEwX_I,REWE,"Heidestraße 137, 60385 Frankfurt am Main, Germany",50.127614,8.7080494
Frankfurt am Main,Innenstadt III,50.131237899999995,8.6937884,Supermarkt,"supermarket,grocery_or_supermarket,food,point_of_interest,store,establishment",ChIJR_IQWTUJvUcRxOtF3cYnZQs,REWE City,"Hansaallee 72, 60323 Frankfurt am Main, Germany",50.1276117,8.671466200000001
Frankfurt am Main,Innenstadt III,50.131237899999995,8.6937884,Supermarkt,"grocery_or_supermarket,gas_station,cafe,liquor_store,food,point_of_interest,store,establishment",ChIJwZ15CsMOvUcRumFpht0TW20,REWE To Go,"Friedberger Landstraße 300, 60389 Frankfurt am Main, Germany",50.1336883,8.6964773
Frankfurt am Main,Innenstadt III,50.131237899999995,8.6937884,Supermarkt,"supermarket,grocery_or_supermarket,food,point_of_interest,store,establishment",ChIJjy5nrIgOvUcRmksWst_-_LM,Scheck-In-Center Frankfurt,"Ferdinand-Happ-Straße 59, 60314 Frankfurt am Main, Germany",50.1142623,8.715854
Frankfurt am Main,Innenstadt III,50.131237899999995,8.6937884,Supermarkt,"supermarket,grocery_or_supermarket,food,point_of_interest,store,establishment",ChIJT7ZKT9wOvUcRBFitBWufZ08,tegut,"Friedberger Landstraße 408, 60389 Frankfurt am Main, Germany",50.1397827,8.6990821
Frankfurt am Main,Innenstadt III,50.131237899999995,8.6937884,Tankstelle,"gas_station,car_wash,car_rental,convenience_store,restaurant,food,point_of_interest,store,establishment",ChIJB0wv43QJvUcRjA0OAA27UDI,Aral,"Am Industriehof 11, 60487 Frankfurt am Main, Germany",50.12897539999999,8.624153699999999
Frankfurt am Main,Innenstadt III,50.131237899999995,8.6937884,Tankstelle,"gas_station,car_wash,car_rental,convenience_store,food,point_of_interest,store,establishment",ChIJl-tZgD4MvUcRfdoHxzoHioI,Aral,"Darmstädter Landstraße 304, 60598 Frankfurt am Main, Germany",50.0897899,8.6907523
Frankfurt am Main,Innenstadt III,50.131237899999995,8.6937884,Tankstelle,"gas_station,point_of_interest,establishment",ChIJW6pU7WYOvUcRQ_SR8_6bDD0,Esso,"Hanauer Landstraße 178, 60314 Frankfurt am Main, Germany",50.1141847,8.7208695
Frankfurt am Main,Innenstadt III,50.131237899999995,8.6937884,Tankstelle,"gas_station,point_of_interest,establishment",ChIJfZ8f5toLvUcR6d3WSith4Pw,Esso,"Mainzer Landstraße 378, 60326 Frankfurt am Main, Germany",50.10160339999999,8.626655399999999
Frankfurt am Main,Innenstadt III,50.131237899999995,8.6937884,Tankstelle,"gas_station,point_of_interest,establishment",ChIJf8ElaQYMvUcRADkppjKJbJY,Esso,"Stresemannallee 10, 60596 Frankfurt am Main, Germany",50.09847,8.66908
Frankfurt am Main,Innenstadt III,50.131237899999995,8.6937884,Tankstelle,"gas_station,point_of_interest,establishment",ChIJ3YiLHtkIvUcRVtN7UXFTjUY,OIL Tankstelle Frankfurt,"Eschersheimer Landstraße 458, 60433 Frankfurt am Main, Germany",50.1518998,8.6626849
Frankfurt am Main,Innenstadt III,50.131237899999995,8.6937884,Tankstelle,"gas_station,atm,car_wash,convenience_store,finance,cafe,food,point_of_interest,store,establishment",ChIJWcOnbUIOvUcROQdOW8HXsYA,Shell,"Hanauer Landstraße 334, 60314 Frankfurt am Main, Germany",50.1229138,8.742244
München,,48.1351253,11.581980499999998,Bahnhöfe,"transit_station,bus_station,train_station,point_of_interest,establishment",ChIJuVGxxf51nkcRwhxFwvIr7EM,Munich Central Station,"Bayerstraße 10A, 80335 München, Germany",48.1402669,11.559998
München,,48.1351253,11.581980499999998,Bahnhöfe,"train_station,transit_station,point_of_interest,establishment",ChIJN4x7l8renUcRa_KhONr3goY,Munich Solln station,"81479 Munich, Germany",48.0792767,11.5268934
München,,48.1351253,11.581980499999998,Bahnhöfe,"train_station,transit_station,point_of_interest,establishment",ChIJ6xMu_c12nkcRdROoCrGUCDw,München-Feldmoching,"80995 Munich, Germany",48.2134621,11.540962
München,,48.1351253,11.581980499999998,Baumarkt,"hardware_store,furniture_store,home_goods_store,point_of_interest,store,establishment",ChIJeQlIGGx0nkcRrdL5G5GP84s,BAUHAUS,"Maria-Probst-Straße 50, 80939 München, Germany",48.1971898,11.6075434
München,,48.1351253,11.581980499999998,Baumarkt,"hardware_store,furniture_store,home_goods_store,point_of_interest,store,establishment",ChIJmf_l4x92nkcRsThUXWmh6B0,BAUHAUS München,"Landsberger Str. 175-179, 80687 München, Germany",48.1394562,11.524703
München,,48.1351253,11.581980499999998,Baumarkt,"pet_store,home_goods_store,point_of_interest,store,establishment",ChIJb9N0CzzWnUcR1Ud74QR7E78,GBH Heimwerkermarkt GmbH & Co. KG,"Gertrude-Blanch-Straße 2, 82110 Germering, Germany",48.1408377,11.3727169
München,,48.1351253,11.581980499999998,Baumarkt,"home_goods_store,point_of_interest,store,establishment",ChIJWxCC4sDXnUcR2ntEma9o4Fc,HORNBACH München-Freiham,"Hans-Steinkohl-Straße 30, 81249 München, Germany",48.1332205,11.410406
München,,48.1351253,11.581980499999998,Baumarkt,"home_goods_store,point_of_interest,store,establishment",ChIJlZm7Tnp0nkcR3TbKWvdaNJg,HORNBACH München-Fröttmaning,"Muthmannstraße 4, 80939 München, Germany",48.2031815,11.618849
München,,48.1351253,11.581980499999998,Baumarkt,"locksmith,furniture_store,home_goods_store,point_of_interest,store,establishment",ChIJ5Vdj1TbYnUcRC4z5J77KuF4,OBI,"Lena-Christ-Straße 54, 82152 Planegg, Germany",48.1142706,11.4529091
München,,48.1351253,11.581980499999998,Baumarkt,"locksmith,furniture_store,home_goods_store,point_of_interest,store,establishment",ChIJL_s1bLMKnkcRTEkQrFHof_g,OBI Markt München-Daglfing,"Riemer Str. 199, 81929 München, Germany",48.1405033,11.6556384
München,,48.1351253,11.581980499999998,Baumarkt,"locksmith,furniture_store,home_goods_store,point_of_interest,store,establishment",ChIJfYLwd_DXnUcRjdJUWGUfx9s,OBI Markt München-Neuaubing,"Am Gleisdreieck 8, 81243 München, Germany",48.1414526,11.4316607
München,,48.1351253,11.581980499999998,Baumarkt,"locksmith,furniture_store,home_goods_store,point_of_interest,store,establishment",ChIJ7bLPNibgnUcRX9jz_YJXoRE,OBI Markt München-Trudering,"Schwablhofstraße 6, 81827 München, Germany",48.1191251,11.6865243
München,,48.1351253,11.581980499999998,Baumarkt,"hardware_store,point_of_interest,store,establishment",ChIJBRn0Bj10nkcR1-LrSPCXCw0,V-Baumarkt,"Maria-Probst-Straße 6, 80939 München, Germany",48.1921553,11.5899775
München,,48.1351253,11.581980499999998,Baumarkt,"bakery,supermarket,grocery_or_supermarket,food,point_of_interest,store,establishment",ChIJXcTixYLfnUcRVzPu0MBBcNk,V-Markt München Balanstraße,"Balanstraße 50, 81541 München, Germany",48.1211296,11.597894
München,,48.1351253,11.581980499999998,Baumarkt,"supermarket,atm,department_store,bakery,grocery_or_supermarket,finance,furniture_store,home_goods_store,food,point_of_interest,store,establishment",ChIJbQA_Bj10nkcRHHPosyDvfyk,V-Markt München Euro-Industriepark,"Maria-Probst-Straße 6, 80939 München, Germany",48.1920004,11.5874104
München,,48.1351253,11.581980499999998,Baumarkt,"hardware_store,pet_store,home_goods_store,point_of_interest,store,establishment",ChIJcf0J_CLZnUcRk_r3M9cguDs,hagebaumarkt & Gartencenter München Süd,"Meglingerstraße 31, 81477 München, Germany",48.09069,11.5055
München,,48.1351253,11.581980499999998,Baumarkt,"hardware_store,point_of_interest,store,establishment",ChIJb3fkiOTXnUcR_yvU3BZ4Cik,toom Baumarkt Munich Neuaubing,"Bodenseestraße 207, 81243 München, Germany",48.1430188,11.4301645
München,,48.1351253,11.581980499999998,Baumarkt,"hardware_store,point_of_interest,store,establishment",ChIJH1xpunx1nkcRp1Zdcf_EL_o,toom Baumarkt Munich-Haidhausen,"Grillparzerstraße 20, 81675 München, Germany",48.1351975,11.6127098
München,,48.1351253,11.581980499999998,Baumarkt,"hardware_store,point_of_interest,store,establishment",ChIJM2r41aV3nkcRSBJXtSj1-F4,toom Baumarkt Munich-Moosach,"Allacher Str. 80, 80997 München, Germany",48.1776305,11.4965289
München,,48.1351253,11.581980499999998,Elektronikmarkt,"department_store,point_of_interest,store,establishment",ChIJNTRpCPd1nkcRGWN_ZyLbxSg,GALERIA (Kaufhof) München Am Stachus,"Karlspl. 21-24, 80335 München, Germany",48.13879439999999,11.5645364
München,,48.1351253,11.581980499999998,Elektronikmarkt,"department_store,point_of_interest,store,establishment",ChIJz-N5hXLfnUcR1nyaAeUqb9c,Woolworth,"Tegernseer Landstraße 64, 81541 München, Germany",48.11601599999999,11.5800664
München,,48.1351253,11.581980499999998,Elektronikmarkt,"drugstore,supermarket,grocery_or_supermarket,electronics_store,home_goods_store,food,health,point_of_interest,store,establishment",ChIJ_cq1NuR1nkcR7i7wsv17sl4,dm-drogerie markt,"Dachauer Str. 92, 80335 München, Germany",48.1518226,11.5587526
München,,48.1351253,11.581980499999998,Elektronikmarkt,"supermarket,grocery_or_supermarket,food,point_of_interest,store,establishment",ChIJcQWbNBV0nkcR9kdjH8894Lc,real,"Margot-Kalinke-Straße 4, 80939 München, Germany",48.1946145,11.5972523
München,,48.1351253,11.581980499999998,Haltestellen,"subway_station,transit_station,point_of_interest,establishment",ChIJATwb7KV2nkcRUSq1YiXtTkg,Harthof,"80937 Munich, Germany",48.2049611,11.5694594
München,,48.1351253,11.581980499999998,Haltestellen,"subway_station,transit_station,point_of_interest,establishment",ChIJW0nflfl1nkcRvXxPJHMYMR4,Hauptbahnhof,"Europe,District of Freedom #8573311!~#, 80335 München, Austria",48.1402863,11.5606757
München,,48.1351253,11.581980499999998,Haltestellen,"subway_station,transit_station,point_of_interest,establishment",ChIJgUuxEu7YnUcRVKjD1tBlLqc,Holzapfelkreuth,"81377 Munich, Germany",48.1162588,11.5024242
München,,48.1351253,11.581980499999998,Haltestellen,"subway_station,transit_station,point_of_interest,establishment",ChIJ6eTgY43fnUcRzgHkBYpr1PM,Innsbrucker Ring,"Kainzenbadstraße 23, 81671 München, Germany",48.1204393,11.6182328
München,,48.1351253,11.581980499999998,Haltestellen,"transit_station,bus_station,train_station,point_of_interest,establishment",ChIJ23Mrqzd1nkcRBy0eVEuKJ2g,Munich Daglfing Station,"81929 Munich, Germany",48.1491952,11.6493532
München,,48.1351253,11.581980499999998,Haltestellen,"transit_station,train_station,point_of_interest,establishment",ChIJcea2ixx2nkcRvU6nU_dKiiE,München Donnersbergerbrücke,"80339 Munich, Germany",48.1425737,11.5348793
München,,48.1351253,11.581980499999998,Haltestellen,"subway_station,transit_station,point_of_interest,establishment",ChIJnZ--2vJ1nkcR7gE30pWRolI,Odeonsplatz,"80539 Munich, Germany",48.1433097,11.5779048
München,,48.1351253,11.581980499999998,Haltestellen,"subway_station,transit_station,point_of_interest,establishment",ChIJefuMp_d2nkcRMv6eef0Xwl8,Olympia-Einkaufszentrum,"80993 Munich, Germany",48.1822094,11.530674
München,,48.1351253,11.581980499999998,Haltestellen,"transit_station,bus_station,train_station,point_of_interest,establishment",ChIJp_rHl9TenUcRmqQHXcEwV_w,Siemenswerke,"81379 Munich, Germany",48.0949357,11.533119
München,,48.1351253,11.581980499999998,Haltestellen,"subway_station,transit_station,point_of_interest,establishment",ChIJ7UIYvVXfnUcR2BE-CanBu0I,Theresienwiese,"St. Paul-Strasse, 80336 München, Germany",48.1363851,11.5532845
München,,48.1351253,11.581980499999998,Kaufhaus,"department_store,point_of_interest,store,establishment",ChIJU2oMXbN2nkcRpUZ55blQlho,Woolworth,"Schleißheimer Str. 504, 80933 München, Germany",48.2121534,11.5634329
München,,48.1351253,11.581980499999998,Parks,"park,tourist_attraction,point_of_interest,establishment",ChIJUYaFpvB1nkcRHLHMm23OcwY,Alter Botanischer Garten,"Sophienstraße 7, 80333 München, Germany",48.1423092,11.5644797
München,,48.1351253,11.581980499999998,Parks,"park,tourist_attraction,point_of_interest,establishment",ChIJayv4lZd1nkcR0e_vfGLfm8k,English Garden,"Munich, Germany",48.16423229999999,11.6055522
München,,48.1351253,11.581980499999998,Parks,"park,tourist_attraction,point_of_interest,establishment",ChIJySIbSo11nkcR6g3VmgfXU40,Hofgarten,"Hofgartenstraße 1, 80538 München, Germany",48.1427778,11.58
München,,48.1351253,11.581980499999998,Parks,"park,tourist_attraction,point_of_interest,establishment",ChIJb-P-HdR1nkcRWHOx1Q3VXdk,Luitpold Park,"Brunnerstraße 2, 80804 München, Germany",48.171114,11.5699668
München,,48.1351253,11.581980499999998,Parks,"park,point_of_interest,establishment",ChIJYXjjz_N1nkcRciyDilNW7tw,Maximilian Square,"Maximilianspl. 17, 80333 München, Germany",48.1418419,11.5712736
München,,48.1351253,11.581980499999998,Parks,"park,tourist_attraction,point_of_interest,establishment",ChIJowqouYZ1nkcRuS69G6cgbjs,Maximiliansanlagen,"81675 Munich, Germany",48.1394684,11.5964828
München,,48.1351253,11.581980499999998,Parks,"park,tourist_attraction,point_of_interest,establishment",ChIJFUD79OPfnUcR-fZ4tQF-ywU,Ostpark,"Feichtstr. 19, 81735 München, Germany",48.1138874,11.6386031
München,,48.1351253,11.581980499999998,Parks,"park,tourist_attraction,point_of_interest,establishment",ChIJadODiC10nkcRXcKYomT6gzo,Petuelpark,"Klopstockstraße 10, 80804 München, Germany",48.17749999999999,11.5794444
München,,48.1351253,11.581980499999998,Parks,"park,tourist_attraction,point_of_interest,establishment",ChIJ78jp3Mp3nkcR3dl2Bf1BKh4,Schlosspark Nymphenburg,"Neuhausen-Nymphenburg, 80638 München, Germany",48.15557769999999,11.4935711
München,,48.1351253,11.581980499999998,Platz,"point_of_interest,establishment",ChIJj90h7oB1nkcRc22wlVufnWw,Vienna Square,"Innere Wiener Straße 19, 81667 München, Germany",48.1342961,11.5959558
München,,48.1351253,11.581980499999998,Sehenswürdigkeiten,"restaurant,tourist_attraction,bar,food,point_of_interest,establishment",ChIJxfxSz4t1nkcRLxq9ze1wwak,Hofbräuhaus München,"Platzl 9, 80331 München, Germany",48.1376098,11.5799253
München,,48.1351253,11.581980499999998,Sehenswürdigkeiten,"tourist_attraction,point_of_interest,establishment",ChIJg-Bu7Il1nkcR1XYh_kKr8pE,Isar Gate,"Tal 50, 80331 München, Germany",48.13508720000001,11.5818245
München,,48.1351253,11.581980499999998,Sehenswürdigkeiten,"zoo,tourist_attraction,point_of_interest,establishment",ChIJa7EAiN_enUcR2ArvdpbtEtU,Münchner Tierpark Hellabrunn,"Tierparkstraße 30, 81543 München, Germany",48.0969444,11.5538889
München,,48.1351253,11.581980499999998,Sehenswürdigkeiten,"city_hall,tourist_attraction,local_government_office,point_of_interest,establishment",ChIJ_0T5Jot1nkcRZ3kV_GGLAFE,New Town Hall,"Marienplatz 8, 80331 München, Germany",48.1375798,11.5758153
München,,48.1351253,11.581980499999998,Sehenswürdigkeiten,"tourist_attraction,point_of_interest,establishment",ChIJ-UVJMo11nkcRFMwLk9wFaGM,Odeonsplatz,"Odeonspl. 1, 80539 München, Germany",48.1419728,11.5774386
München,Schwanthalerhöhe,48.1359616,11.538205900000001,Drogeriemarkt,"drugstore,health,point_of_interest,clothing_store,store,establishment",ChIJfyCo9fl1nkcRyBNKfbcZucw,Müller,"Prielmayerstraße 3, 80335 München, Germany",48.140981,11.5618846
München,Schwanthalerhöhe,48.1359616,11.538205900000001,Drogeriemarkt,"drugstore,health,point_of_interest,clothing_store,store,establishment",ChIJ44XQp_d1nkcRHLAQYXJE6A0,Müller,"Sonnenstraße 2, 80331 München, Germany",48.1382972,11.564616
München,Schwanthalerhöhe,48.1359616,11.538205900000001,Drogeriemarkt,"drugstore,health,point_of_interest,clothing_store,store,establishment",ChIJxwJsJYp1nkcRTmXbFXO9rjg,Müller,"Tal 23-25, 80331 München, Germany",48.1359475,11.5803815
München,Schwanthalerhöhe,48.1359616,11.538205900000001,Drogeriemarkt,"drugstore,health,point_of_interest,store,establishment",ChIJLbm7Dtl1nkcRMePBwFlFFhA,Müller,"Schleißheimer Str. 131, 80797 München, Germany",48.1633269,11.5637243
München,Schwanthalerhöhe,48.1359616,11.538205900000001,Drogeriemarkt,"drugstore,home_goods_store,health,point_of_interest,store,establishment",ChIJibNlHWzfnUcRtMcvVOolt8A,ROSSMANN Drogeriemarkt,"Pilgersheimerstr. 4, Humboldtstraße 29, 81543 München, Germany",48.11972950000001,11.5752917
München,Schwanthalerhöhe,48.1359616,11.538205900000001,Drogeriemarkt,"drugstore,home_goods_store,liquor_store,food,health,point_of_interest,store,establishment",ChIJty4gcsR1nkcRPKEB1jsgUD8,ROSSMANN Drogeriemarkt,"Hohenzollernstraße 78, 80801 München, Germany",48.1605402,11.5758892
München,Schwanthalerhöhe,48.1359616,11.538205900000001,Drogeriemarkt,"drugstore,supermarket,grocery_or_supermarket,electronics_store,home_goods_store,food,health,point_of_interest,store,establishment",ChIJO_CbY1DfnUcRBRJx35B5e38,dm-drogerie markt,"Lindwurmstraße 95, 80337 München, Germany",48.1288106,11.5572518
München,Schwanthalerhöhe,48.1359616,11.538205900000001,Drogeriemarkt,"drugstore,supermarket,grocery_or_supermarket,electronics_store,home_goods_store,food,health,point_of_interest,store,establishment",ChIJD8ev1Pd1nkcRc1C2tZRf_Bg,dm-drogerie markt,"Sonnenstraße 12, 80331 München, Germany",48.136911,11.5643302
München,Schwanthalerhöhe,48.1359616,11.538205900000001,Drogeriemarkt,"drugstore,supermarket,grocery_or_supermarket,electronics_store,home_goods_store,food,health,point_of_interest,store,establishment",ChIJVZBf_g52nkcRTQilFOM92iE,dm-drogerie markt,"Nymphenburger Str. 81, 80636 München, Germany",48.1499707,11.5445996
München,Schwanthalerhöhe,48.1359616,11.538205900000001,Drogeriemarkt,"drugstore,supermarket,grocery_or_supermarket,electronics_store,home_goods_store,food,health,point_of_interest,store,establishment",ChIJ51Z_wRZ2nkcRBqnUUl0Wd3Y,dm-drogerie markt,"Rotkreuzpl. 1, 80634 München, Germany",48.1524915,11.5337184
München,Schwanthalerhöhe,48.1359616,11.538205900000001,Drogeriemarkt,"drugstore,supermarket,grocery_or_supermarket,electronics_store,home_goods_store,food,health,point_of_interest,store,establishment",ChIJ_cq1NuR1nkcRxtQva8VcfYw,dm-drogerie markt,"Augustenstraße 67, 80333 München, Germany",48.1500262,11.5632983
München,Schwanthalerhöhe,48.1359616,11.538205900000001,Drogeriemarkt,"drugstore,supermarket,grocery_or_supermarket,electronics_store,home_goods_store,food,health,point_of_interest,store,establishment",ChIJI-cT0_t1nkcRz0f6ZGXt_Y4,dm-drogerie markt,"Arnulfstraße 2, 80335 München, Germany",48.1416283,11.5605082
München,Schwanthalerhöhe,48.1359616,11.538205900000001,Drogeriemarkt,"drugstore,supermarket,grocery_or_supermarket,electronics_store,home_goods_store,food,health,point_of_interest,store,establishment",ChIJQ5AT9oB1nkcRdanln_sqzXM,dm-drogerie markt,"Innere Wiener Straße 50, 81667 München, Germany",48.1341287,11.5968748
München,Schwanthalerhöhe,48.1359616,11.538205900000001,Fast food,"restaurant,food,point_of_interest,establishment",ChIJoWllyBZ2nkcRbwcDKZFz2u8,McDonald's,"Nymphenburger Str. 156, 80634 München, Germany",48.1527506,11.5348541
München,Schwanthalerhöhe,48.1359616,11.538205900000001,Fast food,"meal_takeaway,restaurant,food,point_of_interest,establishment",ChIJIdaH6KfYnUcRorGAyMjxvm0,Westends Best Döner,"Trappentreustraße 17, 80339 München, Germany",48.1377778,11.5347222
München,Schwanthalerhöhe,48.1359616,11.538205900000001,Supermarkt,"supermarket,grocery_or_supermarket,food,point_of_interest,store,establishment",ChIJa_n1i_d1nkcRuIfysrdMjCo,ALDI,"Theresienhöhe 12, 80339 München, Germany",48.13425849999999,11.5451688
München,Schwanthalerhöhe,48.1359616,11.538205900000001,Supermarkt,"supermarket,grocery_or_supermarket,food,point_of_interest,store,establishment",ChIJVVVVlVrfnUcRitzYlcN2J_g,E xpress,"Lindwurmstraße 95, 80337 München, Germany",48.1286796,11.5570122
München,Schwanthalerhöhe,48.1359616,11.538205900000001,Supermarkt,"supermarket,convenience_store,grocery_or_supermarket,food,point_of_interest,store,establishment",ChIJq6qqag52nkcRh3Qbyg0qOiA,EDEKA,"Erika-Mann-Straße 68, 80636 München, Germany",48.1438953,11.5355674
München,Schwanthalerhöhe,48.1359616,11.538205900000001,Supermarkt,"supermarket,grocery_or_supermarket,food,point_of_interest,store,establishment",ChIJ8UukvCB2nkcREtThG5oJCVE,EDEKA Hammerer,"Elsenheimerstraße 1, 80687 München, Germany",48.1409668,11.518944
München,Schwanthalerhöhe,48.1359616,11.538205900000001,Supermarkt,"supermarket,grocery_or_supermarket,food,point_of_interest,store,establishment",ChIJIR3uPqvYnUcRAh8BTOwXs3E,EDEKA Höltkemeyer,"Theresienhöhe 12, 80339 München, Germany",48.1335981,11.5449122
München,Schwanthalerhöhe,48.1359616,11.538205900000001,Supermarkt,"supermarket,grocery_or_supermarket,food,point_of_interest,store,establishment",ChIJz0JxsqjYnUcRUr9ClLoKrI8,Edeka,"Anglerstraße 6, 80339 München, Germany",48.13432659999999,11.5351154
München,Schwanthalerhöhe,48.1359616,11.538205900000001,Supermarkt,"supermarket,grocery_or_supermarket,food,point_of_interest,store,establishment",ChIJfd_yz6HYnUcR4sCU5TdzSTg,HIT,"Elsenheimerstraße 57, 80687 München, Germany",48.1372744,11.5237147
München,Schwanthalerhöhe,48.1359616,11.538205900000001,Supermarkt,"supermarket,grocery_or_supermarket,food,point_of_interest,store,establishment",ChIJyQUxW_x1nkcRfjguoxnPQyY,REWE,"Arnulfstraße 32, 80335 München, Germany",48.14308010000001,11.5559595
München,Schwanthalerhöhe,48.1359616,11.538205900000001,Supermarkt,"supermarket,grocery_or_supermarket,food,point_of_interest,store,establishment",ChIJYXQv-iN2nkcRU_LZp_6hUD8,REWE,"Friedenheimer Brücke 27, 80639 München, Germany",48.1461432,11.5195933
München,Schwanthalerhöhe,48.1359616,11.538205900000001,Supermarkt,"supermarket,grocery_or_supermarket,food,point_of_interest,store,establishment",ChIJ5es_gfh1nkcROF0rRYnlCWU,Verdi Supermarkt GmbH,"Landwehrstraße 46, 80336 München, Germany",48.1364713,11.557815
München,Schwanthalerhöhe,48.1359616,11.538205900000001,Supermarkt,"drugstore,supermarket,grocery_or_supermarket,electronics_store,home_goods_store,food,health,point_of_interest,store,establishment",ChIJI_C-G6jYnUcRikUJcAsR3NY,dm-drogerie markt,"Westendstraße 98, 80339 München, Germany",48.138324,11.536775
München,Schwanthalerhöhe,48.1359616,11.538205900000001,Tankstelle,"gas_station,atm,car_wash,convenience_store,finance,cafe,car_repair,food,point_of_interest,store,establishment",ChIJCSHnjCN2nkcR3W_fiv1xGG0,Shell,"Wilhelm-Hale-Straße 55, 80639 München, Germany",48.1489747,11.5199516
München,Sendling,48.112627,11.545077699999998,Drogeriemarkt,"drugstore,home_goods_store,liquor_store,food,health,point_of_interest,store,establishment",ChIJwcKIDczYnUcRD_3JAmzbhbs,ROSSMANN Drogeriemarkt,"Passauerstraße 38, 81369 München, Germany",48.1131001,11.5334465
München,Sendling,48.112627,11.545077699999998,Drogeriemarkt,"drugstore,home_goods_store,liquor_store,food,health,point_of_interest,store,establishment",ChIJ_V2vhcjYnUcRiTgqDnJiWrg,ROSSMANN Drogeriemarkt,"Albert-Roßhaupter-Straße 65, 81369 München, Germany",48.1163231,11.5276235
München,Sendling,48.112627,11.545077699999998,Drogeriemarkt,"drugstore,supermarket,grocery_or_supermarket,electronics_store,home_goods_store,food,health,point_of_interest,store,establishment",ChIJPwFam8nYnUcRpHSbYTpQRis,dm-drogerie markt,"Albert-Roßhaupter-Straße 37, 81369 München, Germany",48.116675,11.5321986
München,Sendling,48.112627,11.545077699999998,Drogeriemarkt,"drugstore,supermarket,grocery_or_supermarket,electronics_store,home_goods_store,food,health,point_of_interest,store,establishment",ChIJa_epU7XYnUcRfR6A0SDg7tM,dm-drogerie markt,"Plinganserstraße 33, 81369 München, Germany",48.1184777,11.5406941
München,Sendling,48.112627,11.545077699999998,Drogeriemarkt,"drugstore,supermarket,grocery_or_supermarket,electronics_store,home_goods_store,food,health,point_of_interest,store,establishment",ChIJ9z7vdvV1nkcRfwq4g3mZ3uQ,dm-drogerie markt,"Sendlinger Str. 12a, 80331 München, Germany",48.1362487,11.5711654
München,Sendling,48.112627,11.545077699999998,Drogeriemarkt,"drugstore,supermarket,grocery_or_supermarket,electronics_store,home_goods_store,food,health,point_of_interest,store,establishment",ChIJmQAA7tXYnUcRCKYn9xiyvoY,dm-drogerie markt,"Boschetsrieder Str. 72, 81379 München, Germany",48.09990029999999,11.5276464
München,Sendling,48.112627,11.545077699999998,Fast food,"restaurant,food,point_of_interest,establishment",ChIJCcEAC-_YnUcRZLx2U6YGtYo,Burger King,"Pollinger Str. 2, 81377 München, Germany",48.1129152,11.5027352
München,Sendling,48.112627,11.545077699999998,Fast food,"restaurant,food,point_of_interest,establishment",ChIJiQaMr_d1nkcRhZgP1_GEwAQ,Burger King Munich,"Sonnenstraße 6, 80331 München, Germany",48.1377827,11.5645939
München,Sendling,48.112627,11.545077699999998,Fast food,"restaurant,food,point_of_interest,establishment",ChIJfXFTWYp1nkcRE_JLWvGyhM4,McDonald's,"Tal 6, 80331 München, Germany",48.1360227,11.5781413
München,Sendling,48.112627,11.545077699999998,Fast food,"restaurant,food,point_of_interest,establishment",ChIJ4Z7tHXHfnUcR9ipc7_YU1AQ,McDonald's,"Regerstraße 25, 81541 München, Germany",48.1210075,11.5859293
München,Sendling,48.112627,11.545077699999998,Supermarkt,"supermarket,grocery_or_supermarket,food,point_of_interest,store,establishment",ChIJYYvEpk7fnUcR7S7ZdLl6zVo,ALDI SÜD,"Implerstraße 9a, 81371 München, Germany",48.12306350000001,11.549882
München,Sendling,48.112627,11.545077699999998,Supermarkt,"supermarket,grocery_or_supermarket,food,point_of_interest,store,establishment",ChIJM-GnssrYnUcRN6qT8JXygWc,EDEKA,"Plinganserstraße 45, 81369 München, Germany",48.1174458,11.5404596
München,Sendling,48.112627,11.545077699999998,Supermarkt,"supermarket,grocery_or_supermarket,food,point_of_interest,store,establishment",ChIJ4QGqAEzfnUcRqo7nSsLOa6g,EDEKA,"Implerstraße 17, 81371 München, Germany",48.1221291,11.5500206
München,Sendling,48.112627,11.545077699999998,Supermarkt,"supermarket,grocery_or_supermarket,food,point_of_interest,store,establishment",ChIJp571LDHfnUcRdogDBSUItBQ,EDEKA,"Thalkirchner Str. 190, 81371 München, Germany",48.1132733,11.5491493
München,Sendling,48.112627,11.545077699999998,Supermarkt,"supermarket,grocery_or_supermarket,food,point_of_interest,store,establishment",ChIJGRRvnijfnUcRtMG3QioYvts,EDEKA Isargärten,"Schäftlarnstraße 181/183, 81371 München, Germany",48.1002847,11.5467134
München,Sendling,48.112627,11.545077699999998,Supermarkt,"supermarket,grocery_or_supermarket,food,point_of_interest,store,establishment",ChIJCaZQGrbYnUcRL5vgAomDrT0,Edeka Bäsler,"Oetztaler Str. 4, 81373 München, Germany",48.1192131,11.533151
München,Sendling,48.112627,11.545077699999998,Supermarkt,"grocery_or_supermarket,supermarket,food,point_of_interest,store,establishment",ChIJla8OCczYnUcRbP-M1vTV0wA,Edeka Sabisz,"Passauerstraße 36, 81369 München, Germany",48.1136239,11.5334431
München,Sendling,48.112627,11.545077699999998,Supermarkt,"supermarket,bakery,grocery_or_supermarket,food,point_of_interest,store,establishment",ChIJJez8xkrfnUcRuWjeq1uINPE,Güney Cavusoglu Supermarkt,"Implerstraße 23, 81371 München, Germany",48.12161260000001,11.548779
München,Sendling,48.112627,11.545077699999998,Supermarkt,"supermarket,grocery_or_supermarket,food,point_of_interest,store,establishment",ChIJ_5C5SMrYnUcRIrjIhJ4NAj4,Istanbul Supermarkt Harras,"Marbachstraße 1, Albert-Roßhaupter-Straße 9, 81369 München, Germany",48.1167753,11.5354504
München,Sendling,48.112627,11.545077699999998,Supermarkt,"supermarket,grocery_or_supermarket,food,point_of_interest,store,establishment",ChIJ63wi8uV1nkcR_Z1rZEYWIqc,Lidl,"Dreimühlenstraße 42, 81371 München, Germany",48.1201683,11.5567162
München,Sendling,48.112627,11.545077699999998,Supermarkt,"supermarket,grocery_or_supermarket,food,point_of_interest,store,establishment",ChIJbwdfbJ12nkcR889vvtA6P6A,Lidl,"Albert-Roßhaupter-Straße 35-39, 81369 München, Germany",48.1166225,11.532312
München,Sendling,48.112627,11.545077699999998,Supermarkt,"supermarket,grocery_or_supermarket,food,point_of_interest,store,establishment",ChIJ7QyP_B3-CEERzbNAc-Ezxw8,PENNY,"Pfeuferstraße 33, 81373 München, Germany",48.1247552,11.5415473
München,Sendling,48.112627,11.545077699999998,Supermarkt,"supermarket,grocery_or_supermarket,food,point_of_interest,store,establishment",ChIJJckqWknfnUcRCJpFHmiJWlY,PENNY,"Implerstraße 27, 81371 München, Germany",48.1211902,11.5487579
München,Sendling,48.112627,11.545077699999998,Supermarkt,"supermarket,grocery_or_supermarket,food,point_of_interest,store,establishment",ChIJGWV4oJXfnUcRdByOo5-RSlo,REWE,"Flößergasse 6F, 81369 München, Germany",48.1052157,11.5378225
München,Sendling,48.112627,11.545077699999998,Supermarkt,"supermarket,grocery_or_supermarket,food,point_of_interest,store,establishment",ChIJsWlZerbYnUcRI1QgNIGOX5c,REWE,"Hansastraße 134, 81373 München, Germany",48.1207757,11.5345066
München,Sendling,48.112627,11.545077699999998,Tankstelle,"gas_station,bakery,food,point_of_interest,store,establishment",ChIJ1dkPCvZ1nkcRoXy1kpw6kPM,Agip Service Station,"Josephspitalstraße 12, 80331 München, Germany",48.1367153,11.5662672
München,Sendling,48.112627,11.545077699999998,Tankstelle,"gas_station,bakery,food,point_of_interest,store,establishment",ChIJGdX_SkvZnUcRMcuD1NPYH38,Agip Service Station,"Wolfratshauser Str. 232, 81479 München, Germany",48.0756859,11.5232596
München,Sendling,48.112627,11.545077699999998,Tankstelle,"gas_station,meal_takeaway,cafe,liquor_store,restaurant,food,point_of_interest,store,establishment",ChIJwT8Xt73fnUcR0gkVIopGDiQ,Allguth,"Chiemgaustraße 185, 81549 München, Germany",48.1093001,11.6080776
München,Sendling,48.112627,11.545077699999998,Tankstelle,"gas_station,car_wash,car_rental,convenience_store,food,point_of_interest,store,establishment",ChIJVbUWTrzYnUcRAu02xhvbdno,Aral,"Garmischer Str. 138, 80686 München, Germany",48.1269747,11.5222115
München,Sendling,48.112627,11.545077699999998,Tankstelle,"gas_station,car_wash,car_rental,convenience_store,food,point_of_interest,store,establishment",ChIJM1dIDkPfnUcRVFwCs3FPtZ4,Aral,"Kapuzinerstraße 46, 80469 München, Germany",48.1238368,11.5648519
München,Sendling,48.112627,11.545077699999998,Tankstelle,"gas_station,car_wash,car_rental,convenience_store,restaurant,food,point_of_interest,store,establishment",ChIJG3EPGtHenUcRp20ifEGTruY,Aral,"Wolfratshauser Str. 92, 81379 München, Germany",48.0923299,11.5392191
München,Sendling,48.112627,11.545077699999998,Tankstelle,"gas_station,car_wash,car_rental,convenience_store,food,point_of_interest,store,establishment",ChIJHWM22yfZnUcR9SJ0pWDkslM,Aral,"Boschetsrieder Str. 127, 81379 München, Germany",48.0984936,11.5184726
München,Sendling,48.112627,11.545077699999998,Tankstelle,"gas_station,car_wash,car_rental,convenience_store,food,point_of_interest,store,establishment",ChIJF8CB5A7fnUcRp3InpvmnmuE,Aral,"Tegernseer Landstraße 174, 81539 München, Germany",48.1075307,11.5794598
München,Sendling,48.112627,11.545077699999998,Tankstelle,"gas_station,point_of_interest,establishment",ChIJs2tYTzPfnUcR6RuRJ8ghIgA,Aral Tankstelle,"Plinganserstraße 70, 81369 München, Germany",48.1122726,11.5391458
München,Sendling,48.112627,11.545077699999998,Tankstelle,"gas_station,point_of_interest,establishment",ChIJi_tAayB2nkcRHN8aoy1SYYs,JET Tankstelle,"Landsberger Str. 184, 80687 München, Germany",48.1411435,11.5223787
